ID,SampleDate,ForkLength,Julian,GeneticID,PosProb,Ots28,LengthByDate,FieldID
C160364LSR,2016-12-12,105,165,Winter,1,,Winter,B17-0001
C160365LSR,2016-12-12,107,165,Fall/LateFall,0.907,,Winter,B17-0002
C160366LSR,2016-12-14,112,167,Fall/LateFall,0.782,,Winter,B17-0003
C160367LSR,2016-12-14,165,167,Fall/LateFall,0.871,,Late Fall,B17-0004
C170572LSR,2017-03-03,115,246,Winter,1,,Winter,B17-0297
C170573LSR,2017-03-07,122,250,Winter,1,,Winter,B17-0313
C170574LSR,2017-03-11,87,254,Fall/LateFall,0.946,,Spring,B17-0353
C170575LSR,2017-03-12,110,255,Winter,1,,Winter,B17-0374
C170576LSR,2017-03-13,91,256,Fall/LateFall,0.831,,Spring,B17-0385
C170577LSR,2017-03-14,126,257,Winter,1,,Winter,B17-0395
C170578LSR,2017-03-14,109,257,Winter,1,,Winter,B17-0399
C170579LSR,2017-03-14,102,257,Winter,1,,Spring,B17-0400
C170580LSR,2017-03-14,100,257,Winter,1,,Spring,B17-0404
C170581LSR,2017-03-16,114,259,Winter,1,,Winter,B17-0418
C170582LSR,2017-03-17,104,260,Winter,1,,Spring,B17-0405
C170583LSR,2017-03-17,102,260,Winter,1,,Spring,B17-0407
C170584LSR,2017-03-18,112,261,Winter,1,,Winter,B17-0477
C170585LSR,2017-03-18,114,261,Winter,1,,Winter,B17-0473
C170586LSR,2017-03-18,100,261,Spring,0.99,,Spring,B17-0474
C170587LSR,2017-03-18,94,261,Spring,0.877,,Spring,B17-0470
C170588LSR,2017-03-18,112,261,Winter,1,,Winter,B17-0467
C170589LSR,2017-03-18,136,261,Spring,0.776,,Winter,B17-0464
C170590LSR,2017-03-19,97,262,Winter,1,,Spring,B17-0515
C170591LSR,2017-03-20,95,263,Fall/LateFall,0.891,,Spring,B17-0524
C170592LSR,2017-03-20,106,263,Winter,1,,Spring,B17-0526
C170593LSR,2017-03-20,114,263,Winter,1,,Winter,B17-0533
C170594LSR,2017-03-20,105,263,Spring,0.932,,Spring,B17-0535
C170595LSR,2017-03-20,94,263,Fall/LateFall,0.713,,Spring,B17-0538
C170596LSR,2017-03-21,95,264,Fall/LateFall,0.919,,Spring,B17-0559
C170597LSR,2017-03-22,105,265,Spring,0.999,,Spring,B17-0564
C170598LSR,2017-03-22,99,265,Spring,0.979,,Spring,B17-0570
C170599LSR,2017-03-23,95,266,Spring,0.999,,Spring,B17-0606
C170600LSR,2017-03-23,96,266,Spring,0.784,,Spring,B17-0607
C170601LSR,2017-03-23,99,266,Spring,0.998,,Spring,B17-0608
C170602LSR,2017-03-23,104,266,Spring,1,,Spring,B17-0609
C170604LSR,2017-03-23,102,266,Spring,1,,Spring,B17-0612
C170605LSR,2017-03-23,104,266,Spring,0.999,,Spring,B17-0605
C170606LSR,2017-03-23,106,266,Spring,0.645,,Spring,B17-0614
C170607LSR,2017-03-24,103,267,Fall/LateFall,0.933,,Spring,B17-0586
C170608LSR,2017-03-24,104,267,Fall/LateFall,0.635,,Spring,B17-0585
C170609LSR,2017-03-24,100,268,Fall/LateFall,0.967,,Spring,B17-0592
C170610LSR,2017-03-26,95,269,Fall/LateFall,0.775,,Spring,B17-0642
C170612LSR,2017-03-26,98,269,Fall/LateFall,0.794,,Spring,B17-0645
C170613LSR,2017-03-26,98,269,Spring,0.681,,Spring,B17-0647
C170614LSR,2017-03-26,110,269,Spring,1,,Spring,B17-0650
C170615LSR,2017-03-26,107,270,Spring,0.591,,Spring,B17-0656
C170617LSR,2017-03-28,106,271,Fall/LateFall,0.839,,Spring,B17-0778
C170620LSR,2017-03-29,97,272,Spring,0.746,,Spring,B17-0597
C170621LSR,2017-03-30,101,273,Spring,1,,Spring,B17-0670
C170622LSR,2017-03-30,109,273,Spring,0.995,,Spring,B17-0671
C170623LSR,2017-03-30,104,273,Fall/LateFall,0.941,,Spring,B17-0757
C170624LSR,2017-03-30,109,273,Spring,0.905,,Spring,B17-0760
C170625LSR,2017-03-30,102,273,Spring,0.998,,Spring,B17-0761
C170626LSR,2017-03-30,103,273,Fall/LateFall,0.884,,Spring,B17-0762
C170627LSR,2017-03-30,101,273,Spring,0.999,,Spring,B17-0803
C170628LSR,2017-03-30,100,273,Fall/LateFall,0.891,,Spring,B17-0763
C170629LSR,2017-03-31,105,274,Fall/LateFall,0.966,,Spring,B17-0809
C170630LSR,2017-04-01,110,275,Spring,1,,Spring,B17-0805
C170631LSR,2017-04-01,101,275,Spring,0.973,,Spring,B17-0806
C170632LSR,2017-04-01,105,275,Fall/LateFall,0.67,,Spring,B17-0807
C170633LSR,2017-04-01,102,275,Fall/LateFall,0.506,,Spring,B17-0808
C170634LSR,2017-04-01,100,275,Spring,1,,Spring,B17-0804
C170635LSR,2017-04-01,103,275,Spring,0.996,,Spring,B17-0802
C170636LSR,2017-04-01,102,276,Fall/LateFall,0.844,,Spring,B17-0766
C170637LSR,2017-04-01,100,276,Spring,1,,Spring,B17-0800
C170638LSR,2017-04-01,105,276,Fall/LateFall,0.945,,Spring,B17-0801
C170639LSR,2017-04-01,110,276,Spring,1,,Spring,B17-0765
C170640LSR,2017-04-01,106,276,Fall/LateFall,0.94,,Spring,B17-0764
C170641LSR,2017-04-02,105,276,Spring,0.612,,Spring,B17-0835
C170642LSR,2017-04-02,104,276,Spring,0.985,,Spring,B17-0836
C170643LSR,2017-04-02,105,276,Winter,1,,Spring,B17-0837
C170644LSR,2017-04-02,105,276,Fall/LateFall,0.693,,Spring,B17-0838
C170645LSR,2017-04-03,101,277,Spring,1,,Spring,B17-0969
C170646LSR,2017-04-03,106,277,Fall/LateFall,0.936,,Spring,B17-0967
C170647LSR,2017-04-03,109,277,Spring,0.978,,Spring,B17-0966
C170648LSR,2017-04-03,104,277,Spring,0.96,,Spring,B17-0965
C170649LSR,2017-04-03,104,277,Fall/LateFall,0.929,,Spring,B17-0964
C170650LSR,2017-04-04,103,278,Spring,0.48,,Spring,B17-0847
C170651LSR,2017-04-04,104,278,Fall/LateFall,0.853,,Spring,B17-0848
C170652LSR,2017-04-04,104,278,Fall/LateFall,0.532,,Spring,B17-0846
C170653LSR,2017-04-04,110,278,Spring,0.568,,Spring,B17-0843
C170654LSR,2017-04-04,103,278,Spring,0.998,,Spring,B17-0842
C170655LSR,2017-04-05,106,279,Fall/LateFall,0.865,,Spring,B17-0839
C170656LSR,2017-04-05,116,279,Spring,1,,Spring,B17-0840
C170657LSR,2017-04-06,105,280,Spring,0.803,,Spring,B17-0960
C170658LSR,2017-04-06,108,280,Fall/LateFall,0.981,,Spring,B17-0961
C170659LSR,2017-04-06,103,280,Fall/LateFall,0.886,,Spring,B17-0952
C170660LSR,2017-04-06,106,280,Fall/LateFall,0.464,,Spring,B17-0962
C170661LSR,2017-04-06,108,280,Spring,0.961,,Spring,B17-0963
C170662LSR,2017-04-07,115,281,Fall/LateFall,0.932,,Spring,B17-0841
C170663LSR,2017-04-08,110,282,Fall/LateFall,0.968,,Spring,B17-0953
C170664LSR,2017-04-08,107,282,Fall/LateFall,0.994,,Spring,B17-0954
C170665LSR,2017-04-08,105,282,Fall/LateFall,0.991,,Spring,B17-0955
C170666LSR,2017-04-08,106,282,Fall/LateFall,0.998,,Spring,B17-0956
C170667LSR,2017-04-09,105,283,Fall/LateFall,0.745,,Spring,B17-0957
C170668LSR,2017-04-09,115,283,Fall/LateFall,0.971,,Spring,B17-0958
C170669LSR,2017-04-09,105,284,Spring,0.733,,Spring,B17-0959
C170670LSR,2017-04-09,105,284,Fall/LateFall,0.795,,Spring,B17-0944
C170671LSR,2017-04-10,108,284,Fall/LateFall,0.994,,Spring,B17-0945
C170672LSR,2017-04-12,109,286,Fall/LateFall,0.945,,Spring,B17-0935
C170673LSR,2017-04-15,113,289,Fall/LateFall,0.969,,Spring,B17-1132
C170674LSR,2017-04-15,123,289,Fall/LateFall,0.938,,Spring,B17-1133
C170675LSR,2017-04-19,117,293,Fall/LateFall,0.99,,Spring,B17-1124
C170676LSR,2017-04-21,114,295,Fall/LateFall,0.949,,Spring,B17-1123
C180099LSR,2018-02-05,38,220,Fall/LateFall,0.999,,Fall,S18-128
C180100LSR,2018-02-05,38,220,Fall/LateFall,0.999,,Fall,S18-129
C180101LSR,2018-02-08,38,223,Fall/LateFall,0.999,,Fall,S18-132
C180102LSR,2018-02-08,38,223,Fall/LateFall,0.999,,Fall,S18-133
C180103LSR,2018-02-08,39,223,Fall/LateFall,0.993,,Fall,S18-134
C180104LSR,2018-02-09,36,224,Fall/LateFall,0.993,,Fall,S18-136
C180105LSR,2018-02-09,37,224,Fall/LateFall,0.993,,Fall,S18-137
C180106LSR,2018-02-09,38,224,Fall/LateFall,0.997,,Fall,S18-139
C180107LSR,2018-02-10,44,225,Spring,0.907,,Fall,S18-140
C180108LSR,2018-02-11,116,226,Winter,1,,Winter,S18-142
C180109LSR,2018-02-11,114,226,Winter,1,,Winter,S18-143
C180110LSR,2018-02-11,130,226,Winter,1,,Winter,S18-144
C180111LSR,2018-02-11,37,226,Fall/LateFall,0.998,,Fall,S18-145
C180112LSR,2018-02-11,38,226,Fall/LateFall,0.997,,Fall,S18-146
C180113LSR,2018-02-11,39,226,Fall/LateFall,0.993,,Fall,S18-148
C180115LSR,2018-02-15,58,230,Fall/LateFall,1,,Spring,S18-151
C180117LSR,2018-02-21,38,236,Fall/LateFall,0.998,,Fall,S18-155
C180118LSR,2018-02-27,39,242,Fall/LateFall,0.995,,Fall,S18-157
C180119LSR,2018-02-27,39,242,Fall/LateFall,1,,Fall,S18-158
C180120LSR,2018-03-03,67,246,Fall/LateFall,0.995,,Spring,S18-159
C180121LSR,2018-03-03,35,246,Fall/LateFall,0.998,,Fall,S18-161
C180122LSR,2018-03-03,37,246,Fall/LateFall,1,,Fall,S18-162
C180123LSR,2018-03-03,49,246,Fall/LateFall,1,,Fall,S18-163
C180124LSR,2018-03-03,55,246,Fall/LateFall,1,,Fall,S18-165
C180125LSR,2018-03-04,36,247,Fall/LateFall,0.999,,Fall,S18-167
C180126LSR,2018-03-04,57,247,Fall/LateFall,1,,Fall,S18-169
C180127LSR,2018-03-04,75,247,Fall/LateFall,1,,Spring,S18-170
C180128LSR,2018-03-04,40,247,Fall/LateFall,0.991,,Fall,S18-172
C180129LSR,2018-03-04,36,247,Fall/LateFall,1,,Fall,S18-174
C180130LSR,2018-03-06,38,249,Fall/LateFall,0.996,,Fall,S18-175
C180131LSR,2018-03-06,63,249,Fall/LateFall,0.993,,Spring,S18-177
C180132LSR,2018-03-06,58,249,Fall/LateFall,1,,Fall,S18-178
C180133LSR,2018-03-14,60,257,Fall/LateFall,0.999,,Fall,S18-180
C180134LSR,2018-03-15,79,258,Fall/LateFall,1,,Spring,S18-181
C180135LSR,2018-03-15,79,258,Fall/LateFall,0.998,,Spring,S18-183
C180136LSR,2018-03-15,54,258,Fall/LateFall,1,,Fall,S18-184
C180137LSR,2018-03-15,37,258,Fall/LateFall,1,,Fall,S18-185
C180138LSR,2018-03-15,50,258,Fall/LateFall,0.997,,Fall,S18-186
C180139LSR,2018-03-15,108,258,Winter,1,,Winter,S18-188
C180140LSR,2018-03-15,55,258,Fall/LateFall,0.997,,Fall,S18-189
C180141LSR,2018-03-15,35,258,Fall/LateFall,1,,Fall,S18-190
C180142LSR,2018-03-15,35,258,Fall/LateFall,1,,Fall,S18-191
C180144LSR,2018-03-15,53,258,Fall/LateFall,0.994,,Fall,S18-194
C180145LSR,2018-03-15,134,258,Winter,1,,Winter,S18-196
C180146LSR,2018-03-15,124,258,Winter,1,,Winter,S18-197
C180147LSR,2018-03-15,69,258,Fall/LateFall,0.985,,Spring,S18-198
C180148LSR,2018-03-15,89,258,Fall/LateFall,0.968,,Winter,S18-199
C180149LSR,2018-03-15,73,258,Fall/LateFall,0.99,,Spring,S18-200
C180150LSR,2018-03-17,55,260,Fall/LateFall,1,,Fall,S18-201
C180151LSR,2018-03-17,53,260,Fall/LateFall,0.995,,Fall,S18-202
C180152LSR,2018-03-17,52,260,Fall/LateFall,1,,Fall,S18-204
C180153LSR,2018-03-17,64,260,Fall/LateFall,0.999,,Fall,S18-205
C180154LSR,2018-03-17,79,260,Fall/LateFall,1,,Spring,S18-207
C180155LSR,2018-03-17,46,260,Fall/LateFall,0.999,,Fall,S18-208
C180156LSR,2018-03-17,65,260,Fall/LateFall,0.97,,Fall,S18-209
C180157LSR,2018-03-17,76,260,Fall/LateFall,1,,Spring,S18-210
C180158LSR,2018-03-17,39,260,Fall/LateFall,1,,Fall,S18-211
C180159LSR,2018-03-17,56,260,Fall/LateFall,0.999,,Fall,S18-212
C180160LSR,2018-03-17,85,260,Fall/LateFall,0.999,,Spring,S18-215
C180161LSR,2018-03-17,68,260,Fall/LateFall,1,,Spring,S18-216
C180162LSR,2018-03-17,71,260,Fall/LateFall,0.999,,Spring,S18-218
C180163LSR,2018-03-17,67,260,Fall/LateFall,0.99,,Spring,S18-219
C180164LSR,2018-03-17,71,260,Fall/LateFall,1,,Spring,S18-220
C180165LSR,2018-03-17,69,260,Fall/LateFall,0.939,,Spring,S18-221
C180166LSR,2018-03-18,33,261,Fall/LateFall,0.998,,Fall,S18-222
C180167LSR,2018-03-18,35,261,Fall/LateFall,0.994,,Fall,S18-224
C180168LSR,2018-03-18,36,261,Fall/LateFall,0.999,,Fall,S18-226
C180169LSR,2018-03-18,36,261,Fall/LateFall,0.993,,Fall,S18-227
C180170LSR,2018-03-18,36,261,Fall/LateFall,1,,Fall,S18-228
C180171LSR,2018-03-18,103,261,Winter,1,,Winter,S18-229
C180172LSR,2018-03-18,37,261,Fall/LateFall,1,,Fall,S18-230
C180173LSR,2018-03-18,50,261,Fall/LateFall,1,,Fall,S18-231
C180174LSR,2018-03-18,36,261,Fall/LateFall,1,,Fall,S18-232
C180175LSR,2018-03-20,67,263,Fall/LateFall,0.998,,Fall,S18-233
C180176LSR,2018-03-20,136,263,Fall/LateFall,0.907,,Winter,S18-234
C180177LSR,2018-03-20,74,263,Fall/LateFall,0.999,,Spring,S18-236
C180178LSR,2018-03-22,65,265,Fall/LateFall,0.986,,Fall,S18-239
C180179LSR,2018-03-22,40,265,Fall/LateFall,0.999,,Fall,S18-240
C180180LSR,2018-03-22,36,265,Fall/LateFall,1,,Fall,S18-243
C180181LSR,2018-03-22,45,265,Fall/LateFall,1,,Fall,S18-244
C180182LSR,2018-03-22,54,265,Fall/LateFall,0.843,,Fall,S18-245
C180183LSR,2018-03-22,35,265,Fall/LateFall,0.998,,Fall,S18-246
C180184LSR,2018-03-22,34,265,Fall/LateFall,1,,Fall,S18-247
C180185LSR,2018-03-22,73,265,Fall/LateFall,0.951,,Spring,S18-248
C180186LSR,2018-03-22,37,265,Fall/LateFall,1,,Fall,S18-249
C180187LSR,2018-03-22,70,265,Fall/LateFall,0.999,,Spring,S18-251
C180188LSR,2018-03-22,72,265,Fall/LateFall,0.999,,Spring,S18-252
C180189LSR,2018-03-22,74,265,Fall/LateFall,0.998,,Spring,S18-253
C180190LSR,2018-03-24,36,267,Fall/LateFall,0.998,,Fall,S18-255
C180191LSR,2018-03-24,35,267,Fall/LateFall,1,,Fall,S18-256
C180192LSR,2018-03-24,37,267,Fall/LateFall,0.998,,Fall,S18-257
C180193LSR,2018-03-24,39,267,Fall/LateFall,1,,Fall,S18-260
C180194LSR,2018-03-24,60,267,Fall/LateFall,1,,Fall,S18-261
C180195LSR,2018-03-24,66,267,Fall/LateFall,0.993,,Fall,S18-262
C180196LSR,2018-03-24,35,267,Fall/LateFall,1,,Fall,S18-263
C180197LSR,2018-03-24,50,267,Fall/LateFall,0.988,,Fall,S18-264
C180198LSR,2018-03-24,86,267,Fall/LateFall,0.999,,Spring,S18-265
C180199LSR,2018-03-24,79,267,Fall/LateFall,0.991,,Spring,S18-266
C180200LSR,2018-03-24,74,267,Fall/LateFall,0.99,,Spring,S18-267
C180201LSR,2018-03-24,77,267,Fall/LateFall,0.974,,Spring,S18-270
C180202LSR,2018-03-24,114,267,Winter,1,,Winter,S18-271
C180203LSR,2018-03-24,80,267,Fall/LateFall,0.994,,Spring,S18-273
C180204LSR,2018-03-25,39,268,Fall/LateFall,0.996,,Fall,S18-274
C180205LSR,2018-03-25,36,268,Fall/LateFall,1,,Fall,S18-275
C180206LSR,2018-03-25,36,268,Fall/LateFall,0.98,,Fall,S18-276
C180207LSR,2018-03-25,37,268,Fall/LateFall,0.995,,Fall,S18-278
C180208LSR,2018-03-25,37,268,Fall/LateFall,0.963,,Fall,S18-279
C180209LSR,2018-03-25,38,268,Fall/LateFall,1,,Fall,S18-280
C180210LSR,2018-03-25,82,268,Fall/LateFall,0.999,,Spring,S18-281
C180211LSR,2018-03-25,58,268,Fall/LateFall,1,,Fall,S18-283
C180212LSR,2018-03-25,57,268,Fall/LateFall,1,,Fall,S18-284
C180213LSR,2018-03-25,84,268,Fall/LateFall,1,,Spring,S18-285
C180214LSR,2018-03-25,96,268,Fall/LateFall,0.999,,Winter,S18-287
C180215LSR,2018-03-25,85,268,Fall/LateFall,0.999,,Spring,S18-288
C180216LSR,2018-03-25,92,268,Fall/LateFall,0.798,,Spring,S18-289
C180217LSR,2018-03-25,84,268,Fall/LateFall,0.999,,Spring,S18-291
C180218LSR,2018-03-25,81,268,Fall/LateFall,0.999,,Spring,S18-293
C180219LSR,2018-03-25,77,268,Fall/LateFall,0.974,,Spring,S18-294
C180220LSR,2018-03-27,58,270,Fall/LateFall,0.999,,Fall,S18-295
C180221LSR,2018-03-27,38,270,Fall/LateFall,1,,Fall,S18-297
C180222LSR,2018-03-27,37,270,Fall/LateFall,0.999,,Fall,S18-298
C180224LSR,2018-03-27,48,270,Fall/LateFall,0.973,,Fall,S18-300
C180225LSR,2018-03-27,38,270,Fall/LateFall,1,,Fall,S18-301
C180226LSR,2018-03-27,85,270,Fall/LateFall,0.997,,Spring,S18-303
C180227LSR,2018-03-27,39,270,Fall/LateFall,0.999,,Fall,S18-304
C180228LSR,2018-03-27,38,270,Fall/LateFall,1,,Fall,S18-305
C180229LSR,2018-03-28,38,271,Fall/LateFall,1,,Fall,S18-307
C180230LSR,2018-03-28,60,271,Fall/LateFall,1,,Fall,S18-308
C180231LSR,2018-03-28,85,271,Fall/LateFall,1,,Spring,S18-310
C180232LSR,2018-03-28,69,271,Fall/LateFall,0.997,,Fall,S18-311
C180233LSR,2018-03-28,68,271,Fall/LateFall,0.883,,Fall,S18-312
C180234LSR,2018-03-28,56,271,Fall/LateFall,0.992,,Fall,S18-313
C180235LSR,2018-03-28,37,271,Fall/LateFall,0.967,,Fall,S18-314
C180236LSR,2018-03-28,74,271,Fall/LateFall,0.589,,Spring,S18-316
C180238LSR,2018-03-28,71,271,Fall/LateFall,0.998,,Fall,S18-319
C180239LSR,2018-03-28,85,271,Fall/LateFall,0.977,,Spring,S18-320
C180240LSR,2018-03-31,36,274,Fall/LateFall,0.999,,Fall,S18-321
C180241LSR,2018-03-31,66,274,Fall/LateFall,0.999,,Fall,S18-323
C180242LSR,2018-03-31,37,274,Fall/LateFall,0.987,,Fall,S18-324
C180243LSR,2018-03-31,38,274,Fall/LateFall,1,,Fall,S18-325
C180244LSR,2018-03-31,32,274,Fall/LateFall,1,,Fall,S18-326
C180245LSR,2018-03-31,53,274,Fall/LateFall,1,,Fall,S18-327
C180246LSR,2018-03-31,34,274,Fall/LateFall,1,,Fall,S18-328
C190034LSR,2019-01-14,39,198,Fall/LateFall,0.97,,Fall,S19-109
C190035LSR,2019-01-14,36,198,Fall/LateFall,0.944,,Fall,S19-110
C190036LSR,2019-01-14,38,198,Fall/LateFall,0.951,,Fall,S19-111
C190037LSR,2019-01-15,37,199,Fall/LateFall,0.989,,Fall,S19-114
C190038LSR,2019-01-15,40,199,Fall/LateFall,0.949,,Fall,S19-115
C190039LSR,2019-01-15,37,199,Fall/LateFall,0.79,,Fall,S19-120
C190040LSR,2019-01-15,37,199,Spring,0.952,,Fall,S19-121
C190041LSR,2019-01-15,37,199,Fall/LateFall,0.692,,Fall,S19-122
C190042LSR,2019-01-15,38,199,Fall/LateFall,0.926,,Fall,S19-123
C190059LSR,2019-01-20,36,204,Fall/LateFall,0.794,,Fall,S19-140
C190060LSR,2019-01-20,40,204,Spring,0.797,,Fall,S19-141
C190064LSR,2019-01-20,35,204,Fall/LateFall,0.966,,Fall,S19-149
C190065LSR,2019-01-20,36,204,Fall/LateFall,0.988,,Fall,S19-150
C190066LSR,2019-01-20,37,204,Fall/LateFall,0.731,,Fall,S19-155
C190067LSR,2019-01-20,70,204,Winter,1,,Winter,S19-156
C190068LSR,2019-01-20,70,204,Winter,1,,Winter,S19-157
C190069LSR,2019-01-22,41,206,Fall/LateFall,0.99,,Fall,S19-162
C190070LSR,2019-01-22,39,206,Fall/LateFall,0.984,,Fall,S19-163
C190071LSR,2019-01-22,36,206,Fall/LateFall,0.984,,Fall,S19-164
C190072LSR,2019-01-22,37,206,Fall/LateFall,0.952,,Fall,S19-165
C190078LSR,2019-01-24,32,208,Fall/LateFall,0.855,,Fall,S19-175
C190079LSR,2019-01-24,42,208,Fall/LateFall,0.93,,Fall,S19-176
C190080LSR,2019-01-24,40,208,Fall/LateFall,0.831,,Fall,S19-177
C190081LSR,2019-01-24,53,208,Fall/LateFall,0.857,,Spring,S19-178
C190082LSR,2019-01-24,52,209,Fall/LateFall,0.792,,Spring,S19-179
C190083LSR,2019-01-25,38,209,Fall/LateFall,0.979,,Fall,S19-184
C190084LSR,2019-01-25,37,209,Fall/LateFall,0.961,,Fall,S19-185
C190085LSR,2019-01-25,40,209,Fall/LateFall,0.743,,Fall,S19-186
C190086LSR,2019-01-25,38,209,Fall/LateFall,0.961,,Fall,S19-187
C190087LSR,2019-01-25,33,209,Fall/LateFall,0.996,,Fall,S19-188
C190088LSR,2019-01-25,32,209,Fall/LateFall,0.948,,Fall,S19-189
C190089LSR,2019-01-26,42,210,Fall/LateFall,0.995,,Fall,S19-194
C190090LSR,2019-01-26,42,210,Spring,0.734,,Fall,S19-195
C190091LSR,2019-01-26,33,210,Fall/LateFall,0.811,,Fall,S19-196
C190097LSR,2019-01-27,45,211,Spring,0.579,,Fall,S19-210
C190099LSR,2019-01-28,38,212,Fall/LateFall,0.799,,Fall,S19-212
C190100LSR,2019-01-28,38,212,Fall/LateFall,0.82,,Fall,S19-213
C190102LSR,2019-01-29,45,213,Fall/LateFall,0.885,,Fall,S19-219
C190103LSR,2019-01-29,38,213,Fall/LateFall,0.998,,Fall,S19-221
C190104LSR,2019-01-31,39,215,Spring,0.993,,Fall,S19-222
C190105LSR,2019-01-31,35,215,Fall/LateFall,0.603,,Fall,S19-223
C190106LSR,2019-01-31,38,215,Fall/LateFall,0.608,,Fall,S19-224
C190107LSR,2019-01-31,45,215,Spring,0.986,,Fall,S19-225
C190108LSR,2019-02-01,103,216,Winter,1,,Winter,S19-226
C190111LSR,2019-02-04,33,219,Unassigned,0.612,,Fall,S19-234
C190112LSR,2019-02-04,38,219,Fall/LateFall,0.906,,Fall,S19-237
C190113LSR,2019-02-04,39,219,Fall/LateFall,0.964,,Fall,S19-238
C190115LSR,2019-02-05,38,220,Fall/LateFall,0.919,,Fall,S19-244
C190116LSR,2019-02-05,38,220,Fall/LateFall,0.99,,Fall,S19-245
C190117LSR,2019-02-05,34,220,Fall/LateFall,0.989,,Fall,S19-246
C190118LSR,2019-02-05,37,220,Fall/LateFall,0.984,,Fall,S19-247
C190119LSR,2019-02-05,42,220,Spring,0.87,,Fall,S19-248
C190120LSR,2019-02-05,35,220,Fall/LateFall,0.984,,Fall,S19-249
C190121LSR,2019-02-05,53,220,Spring,0.731,,Spring,S19-252
C190122LSR,2019-02-05,53,220,Unassigned,0.71,,Spring,S19-253
C190123LSR,2019-02-05,55,220,Fall/LateFall,0.79,,Spring,S19-254
C190124LSR,2019-02-06,34,221,Fall/LateFall,0.872,,Fall,S19-257
C190125LSR,2019-02-06,36,221,Fall/LateFall,0.998,,Fall,S19-258
C190126LSR,2019-02-06,38,221,Fall/LateFall,0.993,,Fall,S19-259
C190127LSR,2019-02-06,36,221,Fall/LateFall,0.94,,Fall,S19-260
C190128LSR,2019-02-06,38,221,Fall/LateFall,0.974,,Fall,S19-261
C190130LSR,2019-02-07,36,222,Fall/LateFall,0.993,,Fall,S19-268
C190131LSR,2019-02-07,41,222,Unassigned,0.566,,Fall,S19-269
C190135LSR,2019-02-07,37,222,Fall/LateFall,0.961,,Fall,S19-273
C190136LSR,2019-02-09,54,224,Fall/LateFall,0.971,,Spring,S19-277
C190137LSR,2019-02-09,39,224,Fall/LateFall,0.963,,Fall,S19-279
C190139LSR,2019-02-09,37,224,Fall/LateFall,0.986,,Fall,S19-281
C190140LSR,2019-02-09,40,224,Fall/LateFall,0.981,,Fall,S19-282
C190141LSR,2019-02-09,36,224,Fall/LateFall,0.994,,Fall,S19-283
C190142LSR,2019-02-09,48,224,Fall/LateFall,0.947,,Fall,S19-284
C190143LSR,2019-02-10,37,225,Fall/LateFall,0.796,,Fall,S19-289
C190145LSR,2019-02-10,35,225,Fall/LateFall,0.994,,Fall,S19-291
C190146LSR,2019-02-10,42,225,Fall/LateFall,0.916,,Fall,S19-292
C190148LSR,2019-02-10,37,225,Fall/LateFall,0.982,,Fall,S19-294
C190149LSR,2019-02-10,53,225,Fall/LateFall,0.925,,Spring,S19-296
C190150LSR,2019-02-10,60,225,Fall/LateFall,0.98,,Spring,S19-297
C190151LSR,2019-02-11,39,226,Fall/LateFall,0.965,,Fall,S19-301
C190152LSR,2019-02-11,37,226,Fall/LateFall,0.942,,Fall,S19-302
C190153LSR,2019-02-11,38,226,Fall/LateFall,0.785,,Fall,S19-303
C190154LSR,2019-02-11,38,226,Fall/LateFall,0.976,,Fall,S19-304
C190155LSR,2019-02-11,37,226,Fall/LateFall,0.99,,Fall,S19-305
C190156LSR,2019-02-11,36,226,Fall/LateFall,0.952,,Fall,S19-306
C190163LSR,2019-02-12,101,227,Winter,1,,Winter,S19-320
C190164LSR,2019-02-15,43,230,Fall/LateFall,0.857,,Fall,S19-324
C190165LSR,2019-02-15,37,230,Fall/LateFall,0.982,,Fall,S19-325
C190166LSR,2019-02-15,44,230,Fall/LateFall,0.782,,Fall,S19-326
C190167LSR,2019-02-15,38,230,Spring,0.946,,Fall,S19-327
C190168LSR,2019-02-15,36,230,Fall/LateFall,0.972,,Fall,S19-328
C190169LSR,2019-02-15,35,230,Fall/LateFall,0.955,,Fall,S19-329
C190176LSR,2019-02-17,33,232,Fall/LateFall,0.96,,Fall,S19-341
C190177LSR,2019-02-17,36,232,Fall/LateFall,0.999,,Fall,S19-342
C190179LSR,2019-02-17,38,232,Fall/LateFall,0.9,,Fall,S19-348
C190180LSR,2019-02-17,38,232,Fall/LateFall,0.98,,Fall,S19-349
C190183LSR,2019-02-19,94,234,Winter,1,,Winter,S19-370
C190184LSR,2019-02-19,37,234,Fall/LateFall,0.994,,Fall,S19-372
C190185LSR,2019-02-19,37,234,Fall/LateFall,0.946,,Fall,S19-373
C190186LSR,2019-02-19,38,234,Fall/LateFall,0.954,,Fall,S19-374
C190191LSR,2019-02-21,37,236,Fall/LateFall,0.991,,Fall,S19-368
C190192LSR,2019-02-21,36,236,Fall/LateFall,0.991,,Fall,S19-369
C190193LSR,2019-02-21,38,236,Fall/LateFall,0.968,,Fall,S19-377
C190194LSR,2019-02-21,36,236,Fall/LateFall,0.92,,Fall,S19-378
C190198LSR,2019-02-22,35,237,Fall/LateFall,0.943,,Fall,S19-388
C190199LSR,2019-02-22,38,237,Fall/LateFall,0.952,,Fall,S19-389
C190200LSR,2019-02-22,35,237,Fall/LateFall,0.902,,Fall,S19-394
C190201LSR,2019-02-22,39,237,Unassigned,0.584,,Fall,S19-395
C190202LSR,2019-02-22,40,237,Fall/LateFall,0.909,,Fall,S19-396
C190203LSR,2019-02-22,37,237,Fall/LateFall,0.975,,Fall,S19-397
C190205LSR,2019-02-24,38,239,Spring,0.831,,Fall,S19-457
C190206LSR,2019-02-24,102,239,Winter,1,,Winter,S19-459
C190207LSR,2019-02-24,51,239,Fall/LateFall,0.993,,Fall,S19-460
C190208LSR,2019-02-24,40,239,Fall/LateFall,0.927,,Fall,S19-461
C190209LSR,2019-02-24,61,239,Fall/LateFall,0.982,,Spring,S19-462
C190210LSR,2019-02-24,68,239,Spring,0.534,,Spring,S19-463
C190213LSR,2019-02-25,35,240,Fall/LateFall,0.898,,Fall,S19-469
C190214LSR,2019-02-25,39,240,Fall/LateFall,0.938,,Fall,S19-470
C190215LSR,2019-02-25,38,240,Fall/LateFall,0.987,,Fall,S19-471
C190223LSR,2019-02-26,92,241,Winter,1,,Winter,S19-488
C190224LSR,2019-02-28,43,243,Fall/LateFall,0.993,,Fall,S19-490
C190225LSR,2019-02-28,39,243,Fall/LateFall,0.975,,Fall,S19-491
C190226LSR,2019-02-28,41,243,Fall/LateFall,0.992,,Fall,S19-496
C190227LSR,2019-02-28,40,243,Fall/LateFall,0.811,,Fall,S19-497
C190228LSR,2019-02-28,38,243,Fall/LateFall,0.906,,Fall,S19-498
C190229LSR,2019-02-28,39,243,Fall/LateFall,0.98,,Fall,S19-499
C190230LSR,2019-02-28,64,243,Spring,0.835,,Spring,S19-505
C190231LSR,2019-02-28,59,243,Spring,0.661,,Spring,S19-506
C190233LSR,2019-02-28,65,243,Spring,0.67,,Spring,S19-508
C190239LSR,2019-03-03,38,246,Fall/LateFall,0.961,,Fall,S19-523
C190240LSR,2019-03-03,50,246,Fall/LateFall,0.908,,Fall,S19-525
C190241LSR,2019-03-03,44,246,Unassigned,0.579,,Fall,S19-526
C190242LSR,2019-03-03,45,246,Fall/LateFall,0.965,,Fall,S19-527
C190243LSR,2019-03-03,114,247,Spring,0.923,,Winter,S19-534
C190244LSR,2019-03-04,34,247,Fall/LateFall,0.969,,Fall,S19-536
C190245LSR,2019-03-04,37,247,Fall/LateFall,0.91,,Fall,S19-537
C190246LSR,2019-03-04,36,247,Fall/LateFall,0.853,,Fall,S19-538
C190247LSR,2019-03-04,39,247,Fall/LateFall,0.953,,Fall,S19-539
C190248LSR,2019-03-04,37,247,Fall/LateFall,0.706,,Fall,S19-545
C190251LSR,2019-03-05,62,248,Spring,1,,Spring,S19-549
C190252LSR,2019-03-05,51,248,Fall/LateFall,0.697,,Fall,S19-550
C190253LSR,2019-03-05,38,248,Fall/LateFall,0.958,,Fall,S19-551
C190254LSR,2019-03-05,66,248,Spring,0.999,,Spring,S19-552
C190255LSR,2019-03-05,46,248,Fall/LateFall,0.986,,Fall,S19-553
C190256LSR,2019-03-05,45,248,Fall/LateFall,0.781,,Fall,S19-558
C190257LSR,2019-03-05,37,248,Fall/LateFall,0.998,,Fall,S19-559
C190258LSR,2019-03-05,36,248,Fall/LateFall,0.968,,Fall,S19-560
C190263LSR,2019-03-07,49,250,Fall/LateFall,0.956,,Fall,S19-570
C190274LSR,2019-03-08,64,251,Fall/LateFall,0.708,,Spring,S19-598
C190275LSR,2019-03-08,70,251,Spring,0.998,,Spring,S19-599
C190277LSR,2019-03-10,39,253,Fall/LateFall,0.963,,Fall,S19-601
C190278LSR,2019-03-10,38,253,Fall/LateFall,0.987,,Fall,S19-602
C190279LSR,2019-03-10,38,253,Fall/LateFall,0.974,,Fall,S19-603
C190280LSR,2019-03-10,37,253,Fall/LateFall,0.974,,Fall,S19-604
C190281LSR,2019-03-10,37,253,Fall/LateFall,0.811,,Fall,S19-605
C190282LSR,2019-03-10,37,253,Fall/LateFall,0.942,,Fall,S19-606
C190283LSR,2019-03-11,37,254,Fall/LateFall,0.986,,Fall,S19-615
C190284LSR,2019-03-11,37,254,Fall/LateFall,0.947,,Fall,S19-616
C190285LSR,2019-03-11,36,254,Fall/LateFall,0.695,,Fall,S19-617
C190286LSR,2019-03-11,37,254,Fall/LateFall,0.994,,Fall,S19-618
C190287LSR,2019-03-11,36,254,Fall/LateFall,0.997,,Fall,S19-619
C190288LSR,2019-03-11,34,254,Fall/LateFall,0.945,,Fall,S19-620
C190289LSR,2019-03-11,65,254,Fall/LateFall,0.994,,Spring,S19-626
C190291LSR,2019-03-11,71,254,Spring,0.985,,Spring,S19-629
C190292LSR,2019-03-12,34,255,Fall/LateFall,0.974,,Fall,S19-630
C190293LSR,2019-03-12,37,255,Fall/LateFall,0.798,,Fall,S19-631
C190295LSR,2019-03-12,36,255,Fall/LateFall,0.979,,Fall,S19-634
C190296LSR,2019-03-12,62,255,Fall/LateFall,0.976,,Fall,S19-635
C190297LSR,2019-03-12,36,255,Fall/LateFall,0.946,,Fall,S19-636
C190298LSR,2019-03-12,67,255,Fall/LateFall,0.888,,Spring,S19-641
C190299LSR,2019-03-12,65,255,Fall/LateFall,0.988,,Spring,S19-642
C190300LSR,2019-03-14,37,257,Fall/LateFall,0.996,,Fall,S19-643
C190301LSR,2019-03-14,39,257,Fall/LateFall,0.935,,Fall,S19-644
C190303LSR,2019-03-14,41,257,Fall/LateFall,0.982,,Fall,S19-647
C190304LSR,2019-03-14,62,257,Fall/LateFall,0.966,,Fall,S19-648
C190305LSR,2019-03-14,38,257,Fall/LateFall,0.865,,Fall,S19-649
C190306LSR,2019-03-15,44,258,Fall/LateFall,0.681,,Fall,S19-654
C190307LSR,2019-03-15,38,258,Fall/LateFall,0.979,,Fall,S19-655
C190309LSR,2019-03-15,43,258,Fall/LateFall,0.991,,Fall,S19-658
C190310LSR,2019-03-15,37,258,Fall/LateFall,0.992,,Fall,S19-659
C190324LSR,2019-03-18,45,261,Fall/LateFall,0.975,,Fall,S19-684
C190325LSR,2019-03-18,45,261,Fall/LateFall,0.985,,Fall,S19-685
C190326LSR,2019-03-18,47,262,Fall/LateFall,0.993,,Fall,S19-690
C190327LSR,2019-03-18,96,262,Winter,1,,Winter,S19-691
C190328LSR,2019-03-19,52,262,Fall/LateFall,0.997,,Fall,S19-692
C190329LSR,2019-03-19,55,262,Fall/LateFall,0.953,,Fall,S19-694
C190330LSR,2019-03-19,38,262,Fall/LateFall,0.869,,Fall,S19-695
C190331LSR,2019-03-19,44,262,Fall/LateFall,0.898,,Fall,S19-697
C190333LSR,2019-03-21,48,264,Fall/LateFall,0.629,,Fall,S19-704
C190334LSR,2019-03-21,41,264,Fall/LateFall,0.864,,Fall,S19-705
C190335LSR,2019-03-21,46,265,Fall/LateFall,0.979,,Fall,S19-706
C190336LSR,2019-03-22,55,265,Fall/LateFall,0.873,,Fall,S19-707
C190337LSR,2019-03-22,35,265,Fall/LateFall,0.995,,Fall,S19-709
C190338LSR,2019-03-22,38,265,Fall/LateFall,0.982,,Fall,S19-710
C190339LSR,2019-03-22,80,265,Spring,0.992,,Spring,S19-712
C190340LSR,2019-03-22,71,265,Fall/LateFall,0.753,,Spring,S19-713
C190341LSR,2019-03-22,69,265,Fall/LateFall,0.962,,Spring,S19-714
C190342LSR,2019-03-24,72,267,Fall/LateFall,0.555,,Spring,S19-720
C190344LSR,2019-03-24,49,268,Fall/LateFall,0.578,,Fall,S19-722
C190345LSR,2019-03-25,71,268,Fall/LateFall,0.976,,Spring,S19-724
C190346LSR,2019-03-25,75,268,Fall/LateFall,0.996,,Spring,S19-725
C190347LSR,2019-03-25,56,268,Fall/LateFall,0.928,,Fall,S19-727
C190348LSR,2019-03-25,48,268,Fall/LateFall,0.67,,Fall,S19-730
C190349LSR,2019-03-25,47,268,Fall/LateFall,0.962,,Fall,S19-731
C190350LSR,2019-03-25,60,268,Fall/LateFall,0.697,,Fall,S19-733
C190351LSR,2019-03-25,72,268,Fall/LateFall,0.963,,Spring,S19-736
C190353LSR,2019-03-26,82,269,Fall/LateFall,0.986,,Spring,S19-739
C190354LSR,2019-03-26,74,269,Fall/LateFall,0.961,,Spring,S19-742
C190380LSR,2019-03-28,75,271,Fall/LateFall,0.717,,Spring,S19-750
C190381LSR,2019-03-28,123,271,Winter,1,,Winter,S19-751
C190382LSR,2019-03-28,44,271,Fall/LateFall,0.967,,Fall,S19-752
C190383LSR,2019-03-28,45,271,Fall/LateFall,0.966,,Fall,S19-753
C190385LSR,2019-03-28,80,271,Fall/LateFall,0.72,,Spring,S19-755
C190386LSR,2019-03-28,74,271,Fall/LateFall,0.985,,Spring,S19-756
C190387LSR,2019-03-28,75,271,Fall/LateFall,0.863,,Spring,S19-757
C190388LSR,2019-03-28,76,271,Fall/LateFall,0.992,,Spring,S19-758
C190389LSR,2019-03-28,48,271,Fall/LateFall,0.988,,Fall,S19-761
C190393LSR,2019-03-29,85,272,Fall/LateFall,0.983,,Spring,S19-770
C190395LSR,2019-03-29,87,272,Fall/LateFall,0.759,,Spring,S19-774
C190396LSR,2019-03-29,79,272,Spring,0.807,,Spring,S19-775
C190397LSR,2019-03-29,75,272,Fall/LateFall,0.995,,Spring,S19-776
C190398LSR,2019-03-29,87,272,Fall/LateFall,0.925,,Spring,S19-777
C190399LSR,2019-03-29,43,272,Fall/LateFall,0.738,,Fall,S19-778
C190400LSR,2019-03-29,42,272,Fall/LateFall,0.903,,Fall,S19-779
C190401LSR,2019-03-29,101,272,Spring,0.996,,Winter,S19-780
C190402LSR,2019-03-29,83,272,Fall/LateFall,0.83,,Spring,S19-782
C190412LSR,2019-03-31,94,274,Spring,0.796,,Spring,S19-798
C190413LSR,2019-03-31,91,274,Spring,0.695,,Spring,S19-799
C190414LSR,2019-03-31,84,274,Fall/LateFall,0.767,,Spring,S19-800
C190415LSR,2019-03-31,91,274,Spring,0.961,,Spring,S19-801
C190417LSR,2019-04-01,92,275,Fall/LateFall,0.985,,Spring,S19-814
C190418LSR,2019-04-01,90,275,Spring,0.998,,Spring,S19-815
C190419LSR,2019-04-01,75,275,Fall/LateFall,0.811,,Spring,S19-816
C190425LSR,2019-04-02,100,276,Winter,1,,Winter,S19-822
C190426LSR,2019-04-02,107,276,Winter,1,,Winter,S19-823
C190429LSR,2019-04-02,74,276,Fall/LateFall,0.805,,Spring,S19-830
C190430LSR,2019-04-02,82,276,Fall/LateFall,0.982,,Spring,S19-831
C190431LSR,2019-04-02,94,276,Fall/LateFall,0.553,,Spring,S19-832
C190432LSR,2019-04-04,73,278,Fall/LateFall,0.824,,Fall,S19-833
C190434LSR,2019-04-04,109,278,Spring,0.973,,Winter,S19-839
C190435LSR,2019-04-04,88,278,Fall/LateFall,0.914,,Spring,S19-840
C190439LSR,2019-04-04,73,278,Fall/LateFall,0.99,,Fall,S19-845
C190440LSR,2019-04-05,79,279,Fall/LateFall,0.979,,Spring,S19-847
C190441LSR,2019-04-05,78,279,Fall/LateFall,0.975,,Spring,S19-848
C190442LSR,2019-04-05,79,279,Fall/LateFall,0.984,,Spring,S19-854
C190447LSR,2019-04-05,73,279,Fall/LateFall,0.97,,Fall,S19-861
C190448LSR,2019-04-05,72,279,Fall/LateFall,0.898,,Fall,S19-863
C190450LSR,2019-04-07,76,281,Fall/LateFall,0.938,,Spring,S19-866
C190451LSR,2019-04-07,83,281,Fall/LateFall,0.989,,Spring,S19-867
C190452LSR,2019-04-07,76,281,Fall/LateFall,0.829,,Spring,S19-872
C190456LSR,2019-04-07,105,281,Spring,0.986,,Winter,S19-876
C190457LSR,2019-04-08,78,282,Fall/LateFall,0.842,,Spring,S19-877
C190460LSR,2019-04-08,86,282,Fall/LateFall,0.905,,Spring,S19-884
C190461LSR,2019-04-08,81,282,Fall/LateFall,0.995,,Spring,S19-885
C190462LSR,2019-04-08,83,282,Fall/LateFall,0.612,,Spring,S19-886
C190463LSR,2019-04-08,84,282,Fall/LateFall,0.964,,Spring,S19-887
C190464LSR,2019-04-09,81,283,Fall/LateFall,0.776,,Spring,S19-889
C190465LSR,2019-04-09,84,283,Fall/LateFall,0.903,,Spring,S19-890
C190466LSR,2019-04-09,38,283,Fall/LateFall,0.735,,Fall,S19-891
C190467LSR,2019-04-09,104,283,Spring,0.901,,Winter,S19-892
C190468LSR,2019-04-09,107,283,Unassigned,0.539,,Winter,S19-895
C190470LSR,2019-04-09,79,283,Spring,0.501,,Spring,S19-903
C190471LSR,2019-04-09,92,283,Fall/LateFall,0.856,,Spring,S19-904
C190472LSR,2019-04-09,98,283,Spring,0.996,,Spring,S19-905
C190473LSR,2019-04-09,84,283,Fall/LateFall,0.956,,Spring,S19-906
C190474LSR,2019-04-09,80,283,Fall/LateFall,0.819,,Spring,S19-907
C190475LSR,2019-04-09,107,283,Spring,0.628,,Winter,S19-909
C190477LSR,2019-04-12,76,286,Fall/LateFall,0.996,,Fall,S19-913
C190478LSR,2019-04-12,75,286,Fall/LateFall,0.85,,Fall,S19-914
C190479LSR,2019-04-12,77,286,Fall/LateFall,0.967,,Fall,S19-915
C190480LSR,2019-04-12,73,286,Fall/LateFall,0.96,,Fall,S19-916
C190482LSR,2019-04-11,98,285,Spring,0.96,,Spring,S19-925
C190483LSR,2019-04-11,89,285,Fall/LateFall,0.965,,Spring,S19-927
C190485LSR,2019-04-11,98,285,Fall/LateFall,0.99,,Spring,S19-930
C190486LSR,2019-04-11,97,285,Fall/LateFall,0.628,,Spring,S19-931
C190487LSR,2019-04-11,78,285,Fall/LateFall,0.992,,Spring,S19-932
C190498LSR,2019-04-14,79,288,Fall/LateFall,0.993,,Fall,S19-953
C190500LSR,2019-04-14,118,288,Winter,1,,Winter,S19-959
C190501LSR,2019-04-14,89,288,Fall/LateFall,0.952,,Spring,S19-960
C190507LSR,2019-04-14,84,288,Fall/LateFall,0.764,,Spring,S19-967
C190508LSR,2019-04-14,114,288,Spring,0.987,,Winter,S19-968
C190509LSR,2019-04-14,112,288,Spring,0.982,,Winter,S19-970
C190510LSR,2019-04-14,77,288,Fall/LateFall,0.798,,Fall,S19-972
C190516LSR,2019-04-15,85,289,Fall/LateFall,0.957,,Spring,S19-983
C190517LSR,2019-04-15,35,289,Fall/LateFall,0.998,,Late Fall,S19-984
C190518LSR,2019-04-15,78,289,Fall/LateFall,0.964,,Fall,S19-985
C190519LSR,2019-04-15,80,289,Fall/LateFall,0.911,,Spring,S19-986
C190520LSR,2019-04-15,80,289,Fall/LateFall,0.976,,Spring,S19-987
C190521LSR,2019-04-15,78,290,Fall/LateFall,0.711,,Fall,S19-988
C190522LSR,2019-04-15,77,289,Fall/LateFall,0.918,,Fall,S19-989
C190523LSR,2019-04-16,95,290,Spring,0.981,,Spring,S19-990
C190524LSR,2019-04-16,75,290,Fall/LateFall,0.992,,Fall,S19-993
C190525LSR,2019-04-16,85,290,Fall/LateFall,0.96,,Spring,S19-1000
C190526LSR,2019-04-16,81,290,Spring,0.945,,Spring,S19-1002
C190527LSR,2019-04-16,79,290,Fall/LateFall,0.985,,Fall,S19-1003
C190528LSR,2019-04-16,76,290,Fall/LateFall,0.947,,Fall,S19-1004
C190529LSR,2019-04-16,74,290,Fall/LateFall,0.979,,Fall,S19-1005
C190530LSR,2019-04-16,75,290,Fall/LateFall,0.992,,Fall,S19-1006
C190531LSR,2019-04-16,74,290,Fall/LateFall,0.851,,Fall,S19-1007
C190532LSR,2019-04-16,74,290,Fall/LateFall,0.903,,Fall,S19-1008
C190535LSR,2019-04-17,109,291,Spring,0.973,,Spring,S19-1012
C190537LSR,2019-04-17,106,291,Unassigned,0.663,,Spring,S19-1020
C190538LSR,2019-04-17,87,291,Fall/LateFall,0.81,,Spring,S19-1021
C190539LSR,2019-04-19,85,293,Fall/LateFall,0.746,,Spring,S19-1024
C190540LSR,2019-04-19,86,293,Fall/LateFall,0.955,,Spring,S19-1025
C190541LSR,2019-04-19,99,293,Spring,0.76,,Spring,S19-1026
C190542LSR,2019-04-19,86,293,Fall/LateFall,0.78,,Spring,S19-1028
C190544LSR,2019-04-19,81,293,Fall/LateFall,0.928,,Fall,S19-1035
C190545LSR,2019-04-19,79,293,Fall/LateFall,0.917,,Fall,S19-1036
C190546LSR,2019-04-19,83,293,Fall/LateFall,0.968,,Spring,S19-1037
C190547LSR,2019-04-19,75,293,Fall/LateFall,0.959,,Fall,S19-1038
C190548LSR,2019-04-19,80,293,Fall/LateFall,0.876,,Fall,S19-1039
C190549LSR,2019-04-19,80,293,Fall/LateFall,0.952,,Fall,S19-1040
C190550LSR,2019-04-19,78,293,Fall/LateFall,0.974,,Fall,S19-1041
C190551LSR,2019-04-21,100,295,Spring,0.922,,Spring,S19-1042
C190552LSR,2019-04-21,94,295,Fall/LateFall,0.93,,Spring,S19-1043
C190553LSR,2019-04-21,91,295,Fall/LateFall,0.98,,Spring,S19-1044
C190554LSR,2019-04-21,100,295,Spring,1,,Spring,S19-1050
C190555LSR,2019-04-21,87,295,Fall/LateFall,0.925,,Spring,S19-1055
C190556LSR,2019-04-21,90,295,Fall/LateFall,0.752,,Spring,S19-1056
C190557LSR,2019-04-21,80,295,Fall/LateFall,0.865,,Fall,S19-1057
C190558LSR,2019-04-21,81,295,Fall/LateFall,0.964,,Fall,S19-1058
C190559LSR,2019-04-21,80,295,Fall/LateFall,0.968,,Fall,S19-1059
C190560LSR,2019-04-21,80,295,Fall/LateFall,0.713,,Fall,S19-1060
C190561LSR,2019-04-21,82,295,Spring,0.669,,Fall,S19-1061
C190562LSR,2019-04-21,77,295,Fall/LateFall,0.974,,Fall,S19-1062
C190567LSR,2019-04-22,81,296,Fall/LateFall,0.981,,Fall,S19-1074
C190570LSR,2019-04-22,82,296,Fall/LateFall,0.99,,Fall,S19-1079
C190572LSR,2019-04-23,87,297,Fall/LateFall,0.994,,Spring,S19-1081
C190573LSR,2019-04-23,99,297,Spring,0.999,,Spring,S19-1082
C190574LSR,2019-04-23,83,297,Fall/LateFall,0.975,,Fall,S19-1083
C190575LSR,2019-04-23,77,297,Spring,0.769,,Fall,S19-1084
C190576LSR,2019-04-23,85,297,Fall/LateFall,0.996,,Spring,S19-1090
C190577LSR,2019-04-23,80,297,Fall/LateFall,0.985,,Fall,S19-1092
C190578LSR,2019-04-23,81,297,Fall/LateFall,0.949,,Fall,S19-1093
C190579LSR,2019-04-23,74,297,Fall/LateFall,0.897,,Fall,S19-1094
C190580LSR,2019-04-23,96,297,Fall/LateFall,0.976,,Spring,S19-1095
C190581LSR,2019-04-23,95,297,Fall/LateFall,0.828,,Spring,S19-1096
C190582LSR,2019-04-23,100,297,Spring,0.998,,Spring,S19-1101
C190583LSR,2019-04-25,73,299,Fall/LateFall,0.873,,Fall,S19-1102
C190584LSR,2019-04-25,81,299,Unassigned,0.599,,Fall,S19-1103
C190585LSR,2019-04-25,80,299,Fall/LateFall,0.919,,Fall,S19-1104
C190586LSR,2019-04-25,67,299,Fall/LateFall,0.978,,Fall,S19-1110
C190587LSR,2019-04-25,78,299,Fall/LateFall,0.99,,Fall,S19-1111
C190588LSR,2019-04-25,76,299,Fall/LateFall,0.98,,Fall,S19-1112
C190593LSR,2019-04-25,86,299,Fall/LateFall,0.984,,Spring,S19-1117
C190594LSR,2019-04-26,80,300,Fall/LateFall,0.995,,Fall,S19-1122
C190595LSR,2019-04-26,93,300,Fall/LateFall,0.981,,Spring,S19-1123
C190596LSR,2019-04-26,89,300,Fall/LateFall,0.89,,Spring,S19-1124
C190597LSR,2019-04-26,91,300,Fall/LateFall,0.904,,Spring,S19-1125
C190598LSR,2019-04-26,70,300,Fall/LateFall,0.901,,Fall,S19-1127
C190599LSR,2019-04-26,82,300,Fall/LateFall,0.996,,Fall,S19-1128
C190600LSR,2019-04-26,89,300,Fall/LateFall,0.94,,Spring,S19-1130
C190601LSR,2019-04-26,90,300,Fall/LateFall,0.957,,Spring,S19-1134
C190602LSR,2019-04-26,79,300,Fall/LateFall,0.817,,Fall,S19-1135
C190603LSR,2019-04-26,78,300,Fall/LateFall,0.868,,Fall,S19-1136
C190604LSR,2019-04-26,78,300,Fall/LateFall,0.894,,Fall,S19-1137
C190605LSR,2019-04-26,87,300,Fall/LateFall,0.977,,Spring,S19-1138
C190611LSR,2019-04-28,78,302,Fall/LateFall,0.917,,Fall,S19-1152
C190612LSR,2019-04-28,100,302,Fall/LateFall,0.973,,Spring,S19-1154
C190613LSR,2019-04-29,92,303,Unassigned,0.513,,Spring,S19-1155
C190614LSR,2019-04-26,94,300,Fall/LateFall,0.826,,Spring,S19-1157
C190615LSR,2019-04-29,81,303,Fall/LateFall,0.73,,Fall,S19-1158
C190616LSR,2019-04-29,53,303,Fall/LateFall,0.951,,Fall,S19-1159
C190617LSR,2019-04-29,105,303,Spring,0.843,,Spring,S19-1160
C190618LSR,2019-04-29,96,303,Fall/LateFall,0.985,,Spring,S19-1161
C190619LSR,2019-04-29,85,303,Fall/LateFall,0.955,,Fall,S19-1162
C190622LSR,2019-04-30,87,304,Fall/LateFall,0.991,,Fall,S19-1169
C190623LSR,2019-04-30,90,304,Fall/LateFall,0.981,,Spring,S19-1170
C190624LSR,2019-04-30,85,304,Fall/LateFall,0.953,,Fall,S19-1171
C190625LSR,2019-04-30,85,304,Fall/LateFall,0.96,,Fall,S19-1172
C190626LSR,2019-04-30,88,304,Fall/LateFall,0.985,,Fall,S19-1173
C190627LSR,2019-04-30,83,304,Fall/LateFall,0.75,,Fall,S19-1180
C190628LSR,2019-04-30,84,304,Fall/LateFall,0.918,,Fall,S19-1181
C190629LSR,2019-04-30,78,304,Fall/LateFall,0.876,,Fall,S19-1182
C190631LSR,2019-05-02,74,306,Fall/LateFall,0.949,,Fall,S19-1186
C190634LSR,2019-05-02,90,306,Spring,1,,Spring,S19-1194
C190636LSR,2019-05-03,78,307,Fall/LateFall,0.998,,Fall,S19-1197
C190638LSR,2019-05-03,85,307,Fall/LateFall,0.972,,Fall,S19-1199
C190639LSR,2019-05-03,76,307,Fall/LateFall,0.952,,Fall,S19-1200
C190644LSR,2019-05-05,89,309,Fall/LateFall,0.942,,Fall,S19-1210
C190645LSR,2019-05-06,89,310,Fall/LateFall,0.936,,Fall,S19-1212
C190647LSR,2019-05-06,98,310,Fall/LateFall,0.99,,Spring,S19-1214
C190648LSR,2019-05-06,92,310,Fall/LateFall,0.914,,Spring,S19-1216
C190649LSR,2019-05-06,94,310,Fall/LateFall,0.99,,Spring,S19-1217
C190650LSR,2019-05-06,81,310,Fall/LateFall,0.878,,Fall,S19-1221
C190651LSR,2019-05-06,90,310,Fall/LateFall,0.869,,Fall,S19-1222
C190652LSR,2019-05-06,85,310,Fall/LateFall,0.839,,Fall,S19-1223
C190653LSR,2019-05-06,89,310,Fall/LateFall,0.746,,Fall,S19-1224
C190661LSR,2019-05-09,81,313,Fall/LateFall,0.738,,Fall,S19-1241
C190662LSR,2019-05-09,80,313,Fall/LateFall,0.98,,Fall,S19-1242
C190663LSR,2019-05-09,73,313,Fall/LateFall,0.772,,Fall,S19-1247
C190664LSR,2019-05-09,83,313,Fall/LateFall,0.979,,Fall,S19-1248
C190665LSR,2019-05-09,82,313,Fall/LateFall,0.998,,Fall,S19-1249
C190666LSR,2019-05-09,96,313,Fall/LateFall,0.956,,Spring,S19-1250
C190667LSR,2019-05-09,86,313,Fall/LateFall,0.885,,Fall,S19-1251
C190668LSR,2019-05-10,85,314,Spring,0.779,,Fall,S19-1253
C190669LSR,2019-05-10,83,314,Unassigned,0.581,,Fall,S19-1254
C190670LSR,2019-05-10,79,314,Fall/LateFall,0.981,,Fall,S19-1259
C190671LSR,2019-05-10,80,314,Spring,0.63,,Fall,S19-1260
C190672LSR,2019-05-10,84,314,Fall/LateFall,0.97,,Fall,S19-1261
C190673LSR,2019-05-10,83,314,Fall/LateFall,0.973,,Fall,S19-1262
C190674LSR,2019-05-10,77,314,Unassigned,0.517,,Fall,S19-1263
C190675LSR,2019-05-10,74,314,Spring,0.6,,Fall,S19-1265
C190677LSR,2019-05-12,81,316,Fall/LateFall,0.985,,Fall,S19-1271
C190678LSR,2019-05-12,77,316,Fall/LateFall,0.945,,Fall,S19-1272
C190679LSR,2019-05-12,81,316,Spring,0.549,,Fall,S19-1273
C190680LSR,2019-05-12,78,316,Fall/LateFall,0.938,,Fall,S19-1274
C190681LSR,2019-05-12,79,316,Fall/LateFall,0.846,,Fall,S19-1275
C190688LSR,2019-05-16,86,320,Fall/LateFall,0.994,,Fall,S19-1293
C190689LSR,2019-05-16,86,320,Fall/LateFall,0.984,,Fall,S19-1294
C190690LSR,2019-05-16,87,320,Fall/LateFall,0.998,,Fall,S19-1295
C190694LSR,2019-05-17,80,321,Fall/LateFall,0.915,,Fall,S19-1304
C190695LSR,2019-05-17,91,321,Fall/LateFall,0.921,,Fall,S19-1305
C190696LSR,2019-05-17,83,321,Fall/LateFall,0.993,,Fall,S19-1306
C190697LSR,2019-05-17,84,321,Fall/LateFall,0.94,,Fall,S19-1307
C190700LSR,2019-05-19,79,323,Unassigned,0.562,,Fall,S19-1314
C190701LSR,2019-05-19,77,323,Fall/LateFall,0.987,,Fall,S19-1315
C190706LSR,2019-05-22,68,326,Fall/LateFall,0.974,,Fall,S19-1324
C190707LSR,2019-05-22,80,326,Fall/LateFall,0.795,,Fall,S19-1325
C190708LSR,2019-05-22,85,326,Fall/LateFall,0.992,,Fall,S19-1326
C190709LSR,2019-05-22,93,326,Fall/LateFall,0.945,,Fall,S19-1327
C190710LSR,2019-05-22,89,326,Fall/LateFall,0.991,,Fall,S19-1328
C190711LSR,2019-05-22,91,326,Fall/LateFall,0.981,,Fall,S19-1329
C190712LSR,2019-05-23,91,327,Fall/LateFall,0.973,,Fall,S19-1334
C190713LSR,2019-05-23,80,327,Fall/LateFall,0.978,,Fall,S19-1335
C190714LSR,2019-05-23,78,327,Fall/LateFall,0.897,,Fall,S19-1336
C190721LSR,2019-05-24,91,328,Fall/LateFall,0.992,,Fall,S19-1347
C190722LSR,2019-05-24,85,328,Fall/LateFall,0.977,,Fall,S19-1348
C190724LSR,2019-05-25,89,329,Fall/LateFall,0.988,,Fall,S19-1354
C190725LSR,2019-05-25,95,329,Fall/LateFall,0.984,,Fall,S19-1355
C190726LSR,2019-05-25,95,329,Fall/LateFall,0.926,,Fall,S19-1356
C190727LSR,2019-05-25,83,329,Fall/LateFall,0.952,,Fall,S19-1357
C190728LSR,2019-05-25,84,329,Fall/LateFall,0.966,,Fall,S19-1358
C190729LSR,2019-05-25,85,329,Fall/LateFall,0.984,,Fall,S19-1359
C190730LSR,2019-05-26,87,330,Fall/LateFall,0.968,,Fall,S19-1364
C190732LSR,2019-05-28,87,332,Fall/LateFall,0.986,,Fall,S19-1366
C190733LSR,2019-05-28,81,332,Fall/LateFall,0.951,,Fall,S19-1367
C190734LSR,2019-05-28,68,332,Fall/LateFall,0.947,,Fall,S19-1368
C190736LSR,2019-05-28,79,332,Fall/LateFall,0.994,,Fall,S19-1374
C190738LSR,2019-05-29,76,333,Fall/LateFall,0.962,,Fall,S19-1376
C190739LSR,2019-05-29,79,333,Fall/LateFall,0.59,,Fall,S19-1377
C190740LSR,2019-05-29,91,333,Fall/LateFall,0.957,,Fall,S19-1378
C190741LSR,2019-05-29,84,333,Fall/LateFall,0.949,,Fall,S19-1379
C190742LSR,2019-05-29,80,333,Fall/LateFall,0.989,,Fall,S19-1384
C190744LSR,2019-05-30,74,334,Fall/LateFall,0.936,,Fall,S19-1386
C190745LSR,2019-05-30,72,334,Fall/LateFall,0.973,,Fall,S19-1387
C190746LSR,2019-05-30,81,334,Fall/LateFall,0.944,,Fall,S19-1388
C190747LSR,2019-05-30,81,334,Fall/LateFall,0.941,,Fall,S19-1389
C190748LSR,2019-05-31,102,335,Fall/LateFall,0.964,,Fall,S19-1394
C190749LSR,2019-05-31,72,335,Fall/LateFall,0.967,,Fall,S19-1395
C190750LSR,2019-05-31,78,335,Fall/LateFall,0.859,,Fall,S19-1396
C191316LSR,2019-12-10,120,163,Fall/LateFall,0.996,late,Late Fall,S20-001
C191317LSR,2019-12-10,79,163,Fall/LateFall,0.993,late,Winter,S20-002
C191319LSR,2019-12-12,84,165,Fall/LateFall,0.999,early,Winter,S20-004
C191320LSR,2019-12-12,37,165,Spring,0.891,early,Spring,S20-005
C191321LSR,2019-12-12,77,165,Spring,0.883,early,Winter,S20-006
C191322LSR,2019-12-12,38,165,Spring,0.942,early,Spring,S20-007
C191323LSR,2019-12-12,43,165,Spring,0.765,early,Spring,S20-008
C191324LSR,2019-12-12,31,165,Winter,1,early,Fall,S20-009
C191325LSR,2019-12-12,85,165,Fall/LateFall,0.787,early,Winter,S20-010
C191326LSR,2019-12-12,66,165,Fall/LateFall,0.942,early,Winter,S20-011
C191327LSR,2019-12-12,66,165,Spring,0.793,early,Winter,S20-012
C191329LSR,2019-12-12,84,165,Fall/LateFall,0.986,late,Winter,S20-014
C191330LSR,2019-12-12,74,165,Fall/LateFall,0.809,late,Winter,S20-015
C191332LSR,2019-12-12,49,165,Fall/LateFall,0.963,late,Winter,S20-017
C191333LSR,2019-12-12,72,165,Fall/LateFall,0.995,late,Winter,S20-018
C191334LSR,2019-12-12,67,165,Fall/LateFall,0.99,early,Winter,S20-019
C191336LSR,2019-12-12,35,165,Fall/LateFall,0.995,late,Fall,S20-021
C191337LSR,2019-12-12,68,165,Fall/LateFall,1,late,Winter,S20-022
C191338LSR,2019-12-12,65,165,Fall/LateFall,0.998,late,Winter,S20-023
C191339LSR,2019-12-12,35,165,Fall/LateFall,0.988,late,Fall,S20-024
C191340LSR,2019-12-12,56,165,Fall/LateFall,0.999,late,Winter,S20-025
C191341LSR,2019-12-12,33,165,Fall/LateFall,0.998,late,Fall,S20-026
C191342LSR,2019-12-12,67,165,Fall/LateFall,0.999,late,Winter,S20-027
C191343LSR,2019-12-12,33,165,Fall/LateFall,0.998,late,Fall,S20-028
C191344LSR,2019-12-12,76,165,Fall/LateFall,0.993,early,Winter,S20-029
C191345LSR,2019-12-12,82,165,Fall/LateFall,0.998,late,Winter,S20-030
C191346LSR,2019-12-12,63,165,Fall/LateFall,0.916,early,Winter,S20-031
C191347LSR,2019-12-12,79,165,Spring,0.868,early,Winter,S20-032
C191348LSR,2019-12-12,120,165,Fall/LateFall,0.871,early,Late Fall,S20-033
C191349LSR,2019-12-12,140,165,Fall/LateFall,0.998,early,Late Fall,S20-034
C191350LSR,2019-12-12,90,165,Fall/LateFall,0.843,early,Winter,S20-035
C191351LSR,2019-12-15,51,168,Fall/LateFall,0.989,early,Winter,S20-074
C191352LSR,2019-12-15,74,168,Spring,0.655,early,Winter,S20-075
C191354LSR,2019-12-17,42,170,Spring,0.778,early,Spring,S20-077
C191355LSR,2019-12-17,65,170,Fall/LateFall,0.909,early,Winter,S20-078
C191356LSR,2019-12-26,133,179,Fall/LateFall,0.969,early,Late Fall,S20-079
C200001LSR,2020-01-14,50,198,Fall/LateFall,0.97,late,Spring,S20-081
C200002LSR,2020-01-19,70,203,Fall/LateFall,0.992,early,Winter,S20-082
C200003LSR,2020-01-21,37,205,Spring,1,early,Fall,S20-083
C200004LSR,2020-01-27,37,211,Fall/LateFall,0.998,early,Fall,S20-084
C200005LSR,2020-01-28,41,212,Fall/LateFall,0.997,late,Fall,S20-085
C200006LSR,2020-01-28,39,212,Fall/LateFall,0.991,late,Fall,S20-086
C200007LSR,2020-01-30,39,214,Fall/LateFall,0.743,late,Fall,S20-087
C200008LSR,2020-01-30,35,214,Fall/LateFall,0.975,early,Fall,S20-088
C200009LSR,2020-01-30,40,214,Fall/LateFall,0.974,late,Fall,S20-089
C200010LSR,2020-01-30,39,214,Fall/LateFall,0.982,early,Fall,S20-090
C200011LSR,2020-01-30,37,214,Fall/LateFall,1,early,Fall,S20-091
C200012LSR,2020-01-30,38,214,Fall/LateFall,0.984,late,Fall,S20-092
C200013LSR,2020-01-30,39,214,Winter,1,early,Fall,S20-093
C200014LSR,2020-01-30,41,214,Fall/LateFall,0.941,early,Fall,S20-094
C200015LSR,2020-01-30,40,214,Fall/LateFall,0.722,early,Fall,S20-095
C200016LSR,2020-01-30,38,214,Fall/LateFall,0.969,early,Fall,S20-096
C200017LSR,2020-01-30,76,214,Fall/LateFall,0.92,early,Winter,S20-097
C200018LSR,2020-01-30,94,214,Fall/LateFall,0.927,early,Winter,S20-098
C200019LSR,2020-01-30,63,214,Fall/LateFall,0.96,late,Spring,S20-099
C200020LSR,2020-01-30,71,214,Fall/LateFall,0.991,early,Winter,S20-100
C200021LSR,2020-01-30,73,214,Fall/LateFall,0.944,late,Winter,S20-101
C200022LSR,2020-01-30,88,214,Fall/LateFall,0.982,early,Winter,S20-102
C200023LSR,2020-01-30,102,214,Fall/LateFall,0.911,early,Winter,S20-103
C200024LSR,2020-01-30,83,214,Winter,1,early,Winter,S20-104
C200025LSR,2020-01-30,104,214,Fall/LateFall,0.931,early,Winter,S20-105
C200026LSR,2020-01-30,102,214,Spring,0.664,early,Winter,S20-106
C200027LSR,2020-01-30,52,214,Fall/LateFall,0.999,late,Spring,S20-107
C200028LSR,2020-01-30,67,214,Fall/LateFall,0.994,early,Winter,S20-109
C200029LSR,2020-01-30,105,214,Fall/LateFall,0.979,early,Winter,S20-108
C200031LSR,2020-01-31,38,215,Fall/LateFall,0.915,early,Fall,S20-111
C200033LSR,2020-01-31,40,215,Fall/LateFall,0.981,early,Fall,S20-113
C200034LSR,2020-01-31,40,215,Fall/LateFall,0.995,early,Fall,S20-114
C200035LSR,2020-01-31,43,215,Fall/LateFall,0.94,late,Fall,S20-115
C200036LSR,2020-01-31,41,215,Fall/LateFall,0.98,early,Fall,S20-116
C200037LSR,2020-01-31,38,215,Fall/LateFall,0.985,early,Fall,S20-117
C200038LSR,2020-01-31,38,215,Fall/LateFall,0.961,early,Fall,S20-118
C200039LSR,2020-01-31,35,215,Fall/LateFall,0.997,late,Fall,S20-119
C200040LSR,2020-01-31,102,215,Fall/LateFall,0.98,early,Winter,S20-120
C200041LSR,2020-01-31,52,215,Fall/LateFall,0.942,early,Spring,S20-121
C200042LSR,2020-01-31,52,215,Fall/LateFall,0.947,late,Spring,S20-122
C200044LSR,2020-01-31,113,215,Fall/LateFall,0.979,early,Winter,S20-124
C200045LSR,2020-01-31,84,215,Fall/LateFall,0.984,early,Winter,S20-125
C200046LSR,2020-01-31,57,215,Fall/LateFall,0.938,late,Spring,S20-130
C200048LSR,2020-02-02,41,217,Fall/LateFall,0.992,late,Fall,S20-132
C200049LSR,2020-02-02,36,217,Fall/LateFall,0.997,late,Fall,S20-133
C200050LSR,2020-02-02,38,217,Fall/LateFall,0.996,early,Fall,S20-134
C200051LSR,2020-02-02,37,217,Fall/LateFall,0.893,early,Fall,S20-135
C200052LSR,2020-02-02,48,217,Fall/LateFall,0.995,early,Fall,S20-136
C200053LSR,2020-02-02,39,217,Fall/LateFall,0.855,early,Fall,S20-137
C200054LSR,2020-02-02,37,217,Fall/LateFall,0.974,late,Fall,S20-138
C200055LSR,2020-02-02,39,217,Winter,1,early,Fall,S20-139
C200056LSR,2020-02-02,107,217,Winter,1,early,Winter,S20-140
C200057LSR,2020-02-02,40,217,Winter,1,early,Fall,S20-141
C200058LSR,2020-02-02,38,217,Fall/LateFall,0.999,early,Fall,S20-142
C200059LSR,2020-02-03,38,218,Winter,0.999,early,Fall,S20-143
C200061LSR,2020-02-03,37,218,Winter,1,early,Fall,S20-145
C200062LSR,2020-02-03,112,218,Spring,0.957,early,Winter,S20-146
C200063LSR,2020-02-03,43,218,Winter,1,early,Fall,S20-147
C200064LSR,2020-02-04,40,219,Winter,1,early,Fall,S20-148
C200065LSR,2020-02-04,36,219,Winter,1,early,Fall,S20-149
C200066LSR,2020-02-04,37,219,Winter,1,early,Fall,S20-150
C200067LSR,2020-02-09,38,224,Winter,1,early,Fall,S20-162
C200068LSR,2020-02-09,37,224,Winter,1,early,Fall,S20-163
C200069LSR,2020-02-09,38,224,Winter,1,early,Fall,S20-164
C200070LSR,2020-02-10,34,225,Winter,1,early,Fall,S20-165
C200071LSR,2020-02-10,37,225,Winter,1,early,Fall,S20-166
C200072LSR,2020-02-10,36,225,Winter,1,early,Fall,S20-167
C200073LSR,2020-02-10,38,225,Winter,1,early,Fall,S20-168
C200074LSR,2020-02-10,36,225,Spring,0.987,early,Fall,S20-169
C200075LSR,2020-02-10,41,225,Winter,1,early,Fall,S20-170
C200076LSR,2020-02-10,36,225,Winter,1,early,Fall,S20-171
C200077LSR,2020-02-10,37,225,Fall/LateFall,0.886,early,Fall,S20-172
C200078LSR,2020-02-11,39,226,Winter,1,early,Fall,S20-173
C200079LSR,2020-02-11,37,226,Fall/LateFall,0.945,early,Fall,S20-174
C200080LSR,2020-02-11,37,226,Winter,1,early,Fall,S20-175
C200081LSR,2020-02-11,37,226,Fall/LateFall,0.921,early,Fall,S20-176
C200082LSR,2020-02-13,39,228,Winter,1,early,Fall,S20-177
C200083LSR,2020-02-13,37,228,Winter,1,early,Fall,S20-178
C200085LSR,2020-02-18,40,233,Winter,1,late,Fall,S20-180
C200086LSR,2020-02-18,65,233,Fall/LateFall,0.972,late,Spring,S20-181
C200087LSR,2020-03-01,57,245,Fall/LateFall,0.999,late,Fall,S20-183
C200088LSR,2020-03-08,70,252,Winter,1,early,Spring,S20-185
C200089LSR,2020-03-09,50,253,Winter,1,early,Fall,S20-186
C200090LSR,2020-03-10,60,254,Winter,1,early,Fall,S20-187
C200091LSR,2020-03-16,54,260,Winter,1,early,Fall,S20-188
C200092LSR,2020-03-17,97,261,Winter,1,early,Winter,S20-189
C200093LSR,2020-03-22,74,266,Winter,1,early,Spring,S20-193
C200094LSR,2020-03-22,44,266,Fall/LateFall,0.989,late,Fall,S20-194
C200095LSR,2020-03-22,66,266,Spring,0.944,early,Fall,S20-195
C200096LSR,2020-03-22,78,266,Winter,0.929,early,Spring,S20-196
C200097LSR,2020-03-22,65,266,Fall/LateFall,0.997,early,Fall,S20-197
C200099LSR,2020-03-23,66,267,Fall/LateFall,0.967,late,Fall,S20-199
C200100LSR,2020-03-23,74,267,Fall/LateFall,0.926,late,Spring,S20-200
C200101LSR,2020-03-23,60,267,Fall/LateFall,0.996,early,Fall,S20-201
C200102LSR,2020-03-23,70,267,Spring,0.615,late,Spring,S20-202
C200103LSR,2020-03-23,65,267,Fall/LateFall,0.817,early,Fall,S20-203
C200104LSR,2020-03-23,79,267,Fall/LateFall,0.979,early,Spring,S20-204
C200105LSR,2020-03-24,64,268,Fall/LateFall,0.895,early,Fall,S20-205
C200106LSR,2020-03-24,60,268,Fall/LateFall,0.995,early,Fall,S20-206
C200107LSR,2020-03-24,107,268,Fall/LateFall,0.992,early,Winter,S20-207
C200108LSR,2020-03-24,87,268,Fall/LateFall,0.83,early,Spring,S20-208
C200109LSR,2020-03-26,77,270,Fall/LateFall,0.998,late,Spring,S20-209
C200110LSR,2020-03-26,68,270,Fall/LateFall,0.987,early,Fall,S20-210
C200111LSR,2020-03-26,85,270,Winter,1,early,Spring,S20-211
C200114LSR,2020-03-29,43,273,Winter,1,early,Fall,S20-214
C200115LSR,2020-03-30,82,274,Winter,1,early,Spring,S20-215
C200116LSR,2020-03-30,75,274,Winter,0.998,early,Spring,S20-216
C200118LSR,2020-03-30,87,274,Winter,1,late,Spring,S20-218
C200119LSR,2020-03-30,79,274,Winter,1,early,Spring,S20-219
C200122LSR,2020-04-02,82,277,Fall/LateFall,0.458,early,Spring,S20-222
C200123LSR,2020-04-02,85,277,Fall/LateFall,0.994,early,Spring,S20-223
C200124LSR,2020-04-02,84,277,Spring,0.929,early,Spring,S20-224
C200125LSR,2020-04-02,79,277,Fall/LateFall,0.989,early,Spring,S20-225
C200126LSR,2020-04-02,80,277,Fall/LateFall,0.544,early,Spring,S20-226
C200127LSR,2020-04-02,82,277,Fall/LateFall,0.838,early,Spring,S20-227
C200130LSR,2020-04-02,75,277,Fall/LateFall,0.99,early,Spring,S20-231
C200132LSR,2020-04-02,64,277,Fall/LateFall,0.956,early,Fall,S20-233
C200133LSR,2020-04-05,83,280,Fall/LateFall,0.936,early,Spring,S20-252
C200136LSR,2020-04-05,78,280,Fall/LateFall,0.934,early,Spring,S20-255
C200137LSR,2020-04-05,84,280,Fall/LateFall,0.83,early,Spring,S20-256
C200138LSR,2020-04-05,78,280,Fall/LateFall,0.988,late,Spring,S20-257
C200140LSR,2020-04-05,77,280,Fall/LateFall,0.593,early,Spring,S20-259
C200141LSR,2020-04-05,81,280,Winter,1,early,Spring,S20-260
C200143LSR,2020-04-05,71,280,Spring,0.962,early,Fall,S20-262
C200144LSR,2020-04-05,75,280,Spring,0.927,early,Spring,S20-263
C200145LSR,2020-04-06,84,281,Spring,0.999,early,Spring,S20-264
C200146LSR,2020-04-06,85,281,Fall/LateFall,0.718,early,Spring,S20-265
C200147LSR,2020-04-06,79,281,Fall/LateFall,0.989,late,Spring,S20-266
C200148LSR,2020-04-06,78,281,Fall/LateFall,0.999,early,Spring,S20-267
C200149LSR,2020-04-06,84,281,Fall/LateFall,0.998,early,Spring,S20-268
C200150LSR,2020-04-06,80,281,Fall/LateFall,0.996,early,Spring,S20-269
C200151LSR,2020-04-06,77,281,Fall/LateFall,0.936,early,Spring,S20-270
C200152LSR,2020-04-06,76,281,Fall/LateFall,0.985,late,Spring,S20-271
C200153LSR,2020-04-06,80,281,Fall/LateFall,0.945,late,Spring,S20-272
C200154LSR,2020-04-06,83,281,Fall/LateFall,0.998,early,Spring,S20-273
C200155LSR,2020-04-06,75,281,Fall/LateFall,0.898,early,Fall,S20-274
C200156LSR,2020-04-06,69,281,Fall/LateFall,0.99,late,Fall,S20-275
C200157LSR,2020-04-06,65,281,Fall/LateFall,0.977,late,Fall,S20-276
C200158LSR,2020-04-06,50,281,Fall/LateFall,0.99,late,Fall,S20-277
C200159LSR,2020-04-06,75,281,Fall/LateFall,0.826,late,Fall,S20-278
C200160LSR,2020-04-06,75,281,Fall/LateFall,0.868,late,Fall,S20-279
C200161LSR,2020-04-06,75,281,Fall/LateFall,0.986,early,Fall,S20-280
C200162LSR,2020-04-06,71,281,Fall/LateFall,0.994,early,Fall,S20-281
C200163LSR,2020-04-06,68,281,Fall/LateFall,0.972,late,Fall,S20-282
C200164LSR,2020-04-06,75,281,Fall/LateFall,0.997,early,Fall,S20-283
C200165LSR,2020-04-08,81,283,Fall/LateFall,0.996,early,Spring,S20-284
C200166LSR,2020-04-08,83,283,Fall/LateFall,0.974,early,Spring,S20-285
C200167LSR,2020-04-08,73,283,Fall/LateFall,0.995,late,Fall,S20-286
C200168LSR,2020-04-08,82,283,Fall/LateFall,0.957,early,Spring,S20-287
C200169LSR,2020-04-08,87,283,Spring,0.724,early,Spring,S20-288
C200170LSR,2020-04-08,77,283,Fall/LateFall,0.993,late,Spring,S20-289
C200171LSR,2020-04-08,84,283,Fall/LateFall,0.985,late,Spring,S20-290
C200172LSR,2020-04-08,81,283,Fall/LateFall,0.999,early,Spring,S20-291
C200173LSR,2020-04-08,84,283,Fall/LateFall,0.997,late,Spring,S20-292
C200174LSR,2020-04-08,84,283,Fall/LateFall,0.999,early,Spring,S20-293
C200175LSR,2020-04-08,88,283,Fall/LateFall,0.998,early,Spring,S20-294
C200176LSR,2020-04-08,71,283,Fall/LateFall,0.988,late,Fall,S20-295
C200177LSR,2020-04-08,74,283,Fall/LateFall,0.991,early,Fall,S20-296
C200178LSR,2020-04-08,75,283,Fall/LateFall,0.966,late,Fall,S20-297
C200179LSR,2020-04-08,76,283,Fall/LateFall,0.977,late,Fall,S20-298
C200180LSR,2020-04-08,75,283,Fall/LateFall,0.969,early,Fall,S20-299
C200182LSR,2020-04-09,78,284,Fall/LateFall,0.998,late,Spring,S20-301
C200183LSR,2020-04-09,79,284,Fall/LateFall,0.825,late,Spring,S20-302
C200184LSR,2020-04-09,81,284,Fall/LateFall,0.691,early,Spring,S20-303
C200185LSR,2020-04-09,78,284,Fall/LateFall,0.988,late,Spring,S20-304
C200186LSR,2020-04-09,78,284,Fall/LateFall,0.968,late,Spring,S20-305
C200187LSR,2020-04-09,84,284,Fall/LateFall,0.997,early,Spring,S20-306
C200188LSR,2020-04-09,87,284,Spring,0.83,early,Spring,S20-307
C200189LSR,2020-04-09,82,284,Fall/LateFall,0.982,late,Spring,S20-308
C200190LSR,2020-04-09,80,284,Fall/LateFall,0.999,late,Spring,S20-309
C200191LSR,2020-04-09,70,284,Fall/LateFall,0.901,early,Fall,S20-310
C200193LSR,2020-04-09,73,284,Fall/LateFall,0.952,late,Fall,S20-312
C200195LSR,2020-04-10,80,285,Fall/LateFall,0.767,late,Spring,S20-314
C200196LSR,2020-04-10,75,285,Fall/LateFall,0.996,early,Fall,S20-315
C200197LSR,2020-04-10,82,285,Fall/LateFall,0.978,early,Spring,S20-316
C200198LSR,2020-04-10,86,285,Fall/LateFall,0.992,late,Spring,S20-317
C200199LSR,2020-04-10,81,285,Fall/LateFall,0.983,early,Spring,S20-318
C200200LSR,2020-04-10,84,285,Spring,0.996,early,Spring,S20-319
C200202LSR,2020-04-10,81,285,Fall/LateFall,0.962,early,Spring,S20-321
C200203LSR,2020-04-10,77,285,Fall/LateFall,0.984,early,Fall,S20-322
C200204LSR,2020-04-10,87,285,Fall/LateFall,0.983,early,Spring,S20-323
C200205LSR,2020-04-10,76,285,Fall/LateFall,0.761,late,Fall,S20-324
C200206LSR,2020-04-10,84,285,Fall/LateFall,0.939,early,Spring,S20-325
C200207LSR,2020-04-10,66,285,Fall/LateFall,0.988,early,Fall,S20-326
C200208LSR,2020-04-10,75,285,Fall/LateFall,0.955,early,Fall,S20-327
C200210LSR,2020-04-10,75,285,Fall/LateFall,0.693,early,Fall,S20-329
C200211LSR,2020-04-10,69,285,Fall/LateFall,0.997,early,Fall,S20-330
C200212LSR,2020-04-10,69,285,Fall/LateFall,0.936,late,Fall,S20-331
C200213LSR,2020-04-10,61,285,Fall/LateFall,0.972,early,Fall,S20-332
C200214LSR,2020-04-12,78,287,Fall/LateFall,0.983,late,Fall,S20-333
C200215LSR,2020-04-12,76,287,Fall/LateFall,0.997,late,Fall,S20-334
C200216LSR,2020-04-12,78,287,Fall/LateFall,0.993,late,Fall,S20-335
C200217LSR,2020-04-12,78,287,Fall/LateFall,0.995,early,Fall,S20-336
C200218LSR,2020-04-12,77,287,Fall/LateFall,0.984,late,Fall,S20-337
C200219LSR,2020-04-12,85,287,Spring,0.732,early,Spring,S20-338
C200220LSR,2020-04-12,83,287,Fall/LateFall,0.994,early,Spring,S20-339
C200221LSR,2020-04-12,89,287,Fall/LateFall,0.896,late,Spring,S20-340
C200222LSR,2020-04-12,79,287,Fall/LateFall,0.999,late,Spring,S20-341
C200223LSR,2020-04-12,76,287,Fall/LateFall,0.983,late,Fall,S20-342
C200224LSR,2020-04-12,88,287,Spring,0.998,early,Spring,S20-343
C200225LSR,2020-04-12,76,287,Fall/LateFall,0.966,early,Fall,S20-344
C200226LSR,2020-04-12,75,287,Spring,0.612,early,Fall,S20-345
C200227LSR,2020-04-12,83,287,Fall/LateFall,0.996,late,Spring,S20-346
C200228LSR,2020-04-12,87,287,Fall/LateFall,0.844,late,Spring,S20-347
C200229LSR,2020-04-12,85,287,Fall/LateFall,0.999,late,Spring,S20-348
C200230LSR,2020-04-12,84,287,Fall/LateFall,0.999,early,Spring,S20-349
C200231LSR,2020-04-12,83,287,Fall/LateFall,0.975,late,Spring,S20-350
C200232LSR,2020-04-13,91,288,Fall/LateFall,0.911,early,Spring,S20-351
C200233LSR,2020-04-13,89,288,Fall/LateFall,0.994,late,Spring,S20-352
C200234LSR,2020-04-13,80,288,Fall/LateFall,0.677,late,Spring,S20-353
C200235LSR,2020-04-13,82,288,Fall/LateFall,0.993,late,Spring,S20-354
C200236LSR,2020-04-13,79,288,Fall/LateFall,0.726,early,Spring,S20-355
C200237LSR,2020-04-13,56,288,Spring,0.555,early,Fall,S20-356
C200238LSR,2020-04-13,75,288,Fall/LateFall,0.905,early,Fall,S20-357
C200240LSR,2020-04-13,85,288,Spring,0.958,early,Spring,S20-359
C200241LSR,2020-04-14,68,289,Fall/LateFall,0.976,early,Fall,S20-360
C200242LSR,2020-04-14,80,289,Fall/LateFall,0.975,early,Spring,S20-361
C200243LSR,2020-04-14,79,289,Spring,0.774,early,Fall,S20-362
C200244LSR,2020-04-14,75,289,Spring,0.632,early,Fall,S20-363
C200245LSR,2020-04-14,75,289,Spring,1,early,Fall,S20-364
C200246LSR,2020-04-14,83,289,Fall/LateFall,0.985,early,Spring,S20-365
C200247LSR,2020-04-14,80,289,Fall/LateFall,0.978,early,Spring,S20-366
C200248LSR,2020-04-14,83,289,Fall/LateFall,0.709,late,Spring,S20-367
C200249LSR,2020-04-14,83,289,Fall/LateFall,0.992,early,Spring,S20-368
C200250LSR,2020-04-14,83,289,Spring,0.845,early,Spring,S20-369
C200251LSR,2020-04-14,66,289,Fall/LateFall,0.933,early,Fall,S20-370
C200252LSR,2020-04-14,82,289,Fall/LateFall,0.926,early,Spring,S20-371
C200253LSR,2020-04-14,73,289,Fall/LateFall,0.991,early,Fall,S20-372
C200255LSR,2020-04-14,79,289,Fall/LateFall,0.989,early,Fall,S20-374
C200256LSR,2020-04-14,81,289,Fall/LateFall,0.996,early,Spring,S20-375
C200257LSR,2020-04-16,82,291,Fall/LateFall,0.997,early,Spring,S20-376
C200258LSR,2020-04-16,84,291,Fall/LateFall,0.995,late,Spring,S20-377
C200259LSR,2020-04-16,78,291,Fall/LateFall,0.991,late,Fall,S20-378
C200260LSR,2020-04-16,80,291,Fall/LateFall,0.932,early,Fall,S20-379
C200261LSR,2020-04-16,82,291,Fall/LateFall,0.915,early,Spring,S20-380
C200262LSR,2020-04-16,90,291,Fall/LateFall,0.649,early,Spring,S20-381
C200263LSR,2020-04-16,81,291,Fall/LateFall,0.99,late,Spring,S20-382
C200264LSR,2020-04-19,85,294,Spring,0.613,early,Spring,S20-416
C200265LSR,2020-04-19,92,294,Spring,0.639,late,Spring,S20-417
C200266LSR,2020-04-19,78,294,Fall/LateFall,0.756,early,Fall,S20-418
C200267LSR,2020-04-19,80,294,Fall/LateFall,0.893,early,Fall,S20-419
C200268LSR,2020-04-19,60,294,Fall/LateFall,0.999,late,Fall,S20-420
C200269LSR,2020-04-19,64,294,Fall/LateFall,0.831,early,Fall,S20-421
C200271LSR,2020-04-19,83,294,Fall/LateFall,0.678,late,Spring,S20-423
C200272LSR,2020-04-19,83,294,Fall/LateFall,0.913,early,Spring,S20-424
C200273LSR,2020-04-19,85,294,Fall/LateFall,0.993,late,Spring,S20-425
C200274LSR,2020-04-19,84,294,Fall/LateFall,0.987,late,Spring,S20-426
C200275LSR,2020-04-19,80,294,Fall/LateFall,0.986,early,Fall,S20-427
C200276LSR,2020-04-19,78,294,Fall/LateFall,0.977,early,Fall,S20-428
C200277LSR,2020-04-19,63,294,Fall/LateFall,0.987,early,Fall,S20-429
C200278LSR,2020-04-19,65,294,Fall/LateFall,0.89,late,Fall,S20-430
C200279LSR,2020-04-19,80,294,Spring,0.624,late,Fall,S20-431
C200280LSR,2020-04-19,86,294,Fall/LateFall,0.935,early,Spring,S20-432
C200281LSR,2020-04-19,84,294,Fall/LateFall,0.996,early,Spring,S20-433
C200282LSR,2020-04-19,87,294,Fall/LateFall,0.996,late,Spring,S20-434
C200283LSR,2020-04-19,88,294,Fall/LateFall,0.874,late,Spring,S20-435
C200284LSR,2020-04-20,93,295,Fall/LateFall,0.834,early,Spring,S20-436
C200285LSR,2020-04-20,85,295,Fall/LateFall,0.996,late,Spring,S20-437
C200287LSR,2020-04-20,86,295,Fall/LateFall,0.957,early,Spring,S20-439
C200290LSR,2020-04-20,89,295,Fall/LateFall,0.995,late,Spring,S20-442
C200291LSR,2020-04-20,89,295,Fall/LateFall,0.962,early,Spring,S20-443
C200292LSR,2020-04-20,64,295,Fall/LateFall,0.975,late,Fall,S20-444
C200293LSR,2020-04-20,94,295,Fall/LateFall,0.99,late,Spring,S20-445
C200294LSR,2020-04-20,84,295,Fall/LateFall,0.964,early,Spring,S20-446
C200295LSR,2020-04-20,70,295,Spring,0.962,early,Fall,S20-447
C200296LSR,2020-04-20,69,295,Fall/LateFall,0.997,early,Fall,S20-448
C200297LSR,2020-04-20,71,295,Fall/LateFall,0.998,late,Fall,S20-449
C200298LSR,2020-04-20,82,295,Fall/LateFall,0.963,late,Fall,S20-450
C200299LSR,2020-04-20,72,295,Fall/LateFall,0.937,late,Fall,S20-451
C200300LSR,2020-04-20,82,295,Fall/LateFall,0.736,early,Fall,S20-452
C200301LSR,2020-04-20,88,295,Fall/LateFall,0.907,late,Spring,S20-453
C200302LSR,2020-04-20,79,295,Spring,0.836,late,Fall,S20-454
C200303LSR,2020-04-20,69,295,Fall/LateFall,0.993,late,Fall,S20-455
C200304LSR,2020-04-21,82,296,Fall/LateFall,0.973,early,Fall,S20-456
C200305LSR,2020-04-21,94,296,Fall/LateFall,0.939,late,Spring,S20-457
C200306LSR,2020-04-21,77,296,Fall/LateFall,0.87,late,Fall,S20-458
C200307LSR,2020-04-21,70,296,Fall/LateFall,0.99,late,Fall,S20-459
C200308LSR,2020-04-21,78,296,Fall/LateFall,0.858,late,Fall,S20-460
C200309LSR,2020-04-21,68,296,Fall/LateFall,0.899,early,Fall,S20-461
C200310LSR,2020-04-21,73,296,Fall/LateFall,0.999,late,Fall,S20-462
C200311LSR,2020-04-21,80,296,Fall/LateFall,0.836,late,Fall,S20-463
C200312LSR,2020-04-21,80,296,Fall/LateFall,0.824,early,Fall,S20-464
C200313LSR,2020-04-21,81,296,Fall/LateFall,0.687,late,Fall,S20-465
C200314LSR,2020-04-21,83,296,Fall/LateFall,0.993,early,Fall,S20-466
C200315LSR,2020-04-21,71,296,Fall/LateFall,0.99,late,Fall,S20-467
C200316LSR,2020-04-21,98,296,Fall/LateFall,0.996,late,Spring,S20-468
C200317LSR,2020-04-23,71,298,Fall/LateFall,0.994,early,Fall,S20-469
C200318LSR,2020-04-23,85,298,Fall/LateFall,0.814,early,Spring,S20-470
C200319LSR,2020-04-23,70,298,Fall/LateFall,0.96,late,Fall,S20-471
C200320LSR,2020-04-23,85,298,Fall/LateFall,0.992,late,Spring,S20-472
C200321LSR,2020-04-23,88,298,Fall/LateFall,0.999,early,Spring,S20-473
C200322LSR,2020-04-23,94,298,Fall/LateFall,1,late,Spring,S20-474
C200323LSR,2020-04-23,72,298,Fall/LateFall,0.994,late,Fall,S20-475
C200324LSR,2020-04-23,86,298,Fall/LateFall,0.993,late,Spring,S20-476
C200325LSR,2020-04-23,82,298,Fall/LateFall,0.994,late,Fall,S20-477
C200326LSR,2020-04-23,75,298,Fall/LateFall,0.951,early,Fall,S20-478
C200327LSR,2020-04-23,75,298,Fall/LateFall,1,late,Fall,S20-479
C200328LSR,2020-04-23,77,298,Fall/LateFall,0.997,late,Fall,S20-480
C200329LSR,2020-04-24,74,299,Fall/LateFall,0.609,late,Fall,S20-481
C200330LSR,2020-04-24,72,299,Fall/LateFall,0.998,late,Fall,S20-482
C200331LSR,2020-04-24,83,299,Fall/LateFall,0.988,late,Fall,S20-483
C200332LSR,2020-04-24,73,299,Fall/LateFall,0.985,late,Fall,S20-484
C200333LSR,2020-04-24,88,299,Fall/LateFall,0.997,late,Spring,S20-485
C200334LSR,2020-04-24,75,299,Fall/LateFall,0.979,early,Fall,S20-486
C200335LSR,2020-04-24,92,299,Fall/LateFall,0.994,late,Spring,S20-487
C200336LSR,2020-04-26,75,301,Fall/LateFall,0.998,late,Fall,S20-488
C200337LSR,2020-04-26,74,301,Fall/LateFall,0.998,late,Fall,S20-489
C200338LSR,2020-04-26,89,301,Fall/LateFall,0.995,early,Spring,S20-490
C200339LSR,2020-04-26,68,301,Fall/LateFall,0.983,late,Fall,S20-491
C200340LSR,2020-04-26,74,301,Fall/LateFall,0.977,early,Fall,S20-492
C200342LSR,2020-04-26,74,301,Fall/LateFall,0.995,early,Fall,S20-494
C200343LSR,2020-04-26,75,301,Fall/LateFall,0.656,early,Fall,S20-495
C200344LSR,2020-04-26,85,301,Fall/LateFall,0.983,late,Fall,S20-496
C200345LSR,2020-04-26,85,301,Fall/LateFall,0.953,early,Fall,S20-497
C200346LSR,2020-04-26,90,301,Fall/LateFall,0.987,late,Spring,S20-498
C200347LSR,2020-04-26,88,301,Fall/LateFall,0.997,early,Spring,S20-499
C200348LSR,2020-04-26,86,301,Fall/LateFall,1,early,Fall,S20-500
C200349LSR,2020-04-26,90,301,Fall/LateFall,0.614,early,Spring,S20-596
C200350LSR,2020-04-26,92,301,Fall/LateFall,0.992,late,Spring,S20-597
C200353LSR,2020-04-28,76,303,Fall/LateFall,0.994,late,Fall,S20-501
C200354LSR,2020-04-28,74,303,Fall/LateFall,0.506,late,Fall,S20-502
C200355LSR,2020-04-28,77,303,Fall/LateFall,0.999,late,Fall,S20-503
C200356LSR,2020-04-28,105,303,Fall/LateFall,0.998,late,Spring,S20-504
C200357LSR,2020-04-28,80,303,Fall/LateFall,0.995,early,Fall,S20-505
C200358LSR,2020-04-28,84,303,Fall/LateFall,0.997,late,Fall,S20-506
C200359LSR,2020-04-28,72,303,Fall/LateFall,0.992,late,Fall,S20-507
C200360LSR,2020-04-28,67,303,Fall/LateFall,0.978,late,Fall,S20-508
C200361LSR,2020-04-28,82,303,Fall/LateFall,0.997,late,Fall,S20-509
C200362LSR,2020-04-28,75,303,Fall/LateFall,0.968,late,Fall,S20-510
C200363LSR,2020-04-28,79,303,Fall/LateFall,0.921,late,Fall,S20-511
C200364LSR,2020-04-28,80,303,Fall/LateFall,1,late,Fall,S20-512
C200365LSR,2020-04-30,76,305,Fall/LateFall,0.996,early,Fall,S20-513
C200366LSR,2020-04-30,79,305,Fall/LateFall,0.986,late,Fall,S20-514
C200367LSR,2020-04-30,79,305,Fall/LateFall,0.999,late,Fall,S20-515
C200368LSR,2020-04-30,85,305,Fall/LateFall,0.992,early,Fall,S20-516
C200369LSR,2020-04-30,75,305,Fall/LateFall,0.999,late,Fall,S20-517
C200370LSR,2020-04-30,90,305,Fall/LateFall,0.647,late,Spring,S20-518
C200371LSR,2020-04-30,82,305,Fall/LateFall,0.998,late,Fall,S20-519
C200372LSR,2020-05-03,76,308,Fall/LateFall,0.996,late,Fall,S20-530
C200373LSR,2020-05-03,64,308,Fall/LateFall,0.992,late,Fall,S20-531
C200374LSR,2020-05-04,69,309,Fall/LateFall,0.999,late,Fall,S20-532
C200375LSR,2020-05-04,71,309,Fall/LateFall,1,late,Fall,S20-533
C200376LSR,2020-05-04,80,309,Fall/LateFall,0.971,late,Fall,S20-534
C200377LSR,2020-05-04,67,309,Fall/LateFall,0.989,late,Fall,S20-535
C200378LSR,2020-05-05,55,310,Fall/LateFall,0.997,late,Fall,S20-536
C200379LSR,2020-05-05,83,310,Fall/LateFall,0.992,late,Fall,S20-537
C200381LSR,2020-05-05,69,310,Fall/LateFall,0.997,late,Fall,S20-539
C200382LSR,2020-05-05,66,310,Fall/LateFall,0.978,late,Fall,S20-540
C200383LSR,2020-05-07,72,312,Fall/LateFall,0.977,late,Fall,S20-541
C200384LSR,2020-05-07,94,312,Fall/LateFall,0.996,late,Spring,S20-542
C200385LSR,2020-05-07,88,312,Fall/LateFall,0.999,late,Fall,S20-543
C200386LSR,2020-05-07,85,312,Fall/LateFall,0.634,late,Fall,S20-544
C200387LSR,2020-05-07,88,312,Fall/LateFall,0.875,late,Fall,S20-545
C200388LSR,2020-05-07,82,312,Fall/LateFall,0.965,late,Fall,S20-546
C200389LSR,2020-05-07,73,312,Fall/LateFall,1,late,Fall,S20-547
C200390LSR,2020-05-07,70,312,Fall/LateFall,0.999,late,Fall,S20-548
C200391LSR,2020-05-07,68,312,Fall/LateFall,0.983,early,Fall,S20-549
C200392LSR,2020-05-07,72,312,Fall/LateFall,0.999,late,Fall,S20-550
C200394LSR,2020-05-07,97,312,Fall/LateFall,0.978,late,Spring,S20-552
C200395LSR,2020-05-07,95,312,Fall/LateFall,0.997,late,Spring,S20-553
C200396LSR,2020-05-08,66,313,Fall/LateFall,0.996,late,Fall,S20-554
C200397LSR,2020-05-08,70,313,Fall/LateFall,0.997,late,Fall,S20-565
C200398LSR,2020-05-08,65,313,Fall/LateFall,0.999,late,Fall,S20-566
C200399LSR,2020-05-08,75,313,Fall/LateFall,0.996,late,Fall,S20-555
C200400LSR,2020-05-08,59,313,Fall/LateFall,0.997,late,Fall,S20-556
C200401LSR,2020-05-08,71,313,Fall/LateFall,0.997,late,Fall,S20-557
C200402LSR,2020-05-08,81,313,Fall/LateFall,0.983,late,Fall,S20-558
C200403LSR,2020-05-08,79,313,Fall/LateFall,0.999,early,Fall,S20-559
C200404LSR,2020-05-08,86,313,Fall/LateFall,0.997,late,Fall,S20-560
C200405LSR,2020-05-08,80,313,Fall/LateFall,0.989,late,Fall,S20-561
C200406LSR,2020-05-10,75,315,Fall/LateFall,0.995,late,Fall,S20-562
C200407LSR,2020-05-10,84,315,Fall/LateFall,0.999,late,Fall,S20-563
C200408LSR,2020-05-10,77,315,Fall/LateFall,0.996,early,Fall,S20-564
C200409LSR,2020-05-10,87,315,Fall/LateFall,1,early,Fall,S20-567
C200410LSR,2020-05-10,96,315,Fall/LateFall,0.992,late,Spring,S20-568
C200411LSR,2020-05-10,74,315,Fall/LateFall,0.993,late,Fall,S20-569
C200412LSR,2020-05-10,89,315,Fall/LateFall,0.999,late,Fall,S20-570
C200413LSR,2020-05-10,89,315,Fall/LateFall,0.959,late,Fall,S20-571
C200414LSR,2020-05-10,92,315,Fall/LateFall,0.999,late,Fall,S20-572
C200415LSR,2020-05-10,86,315,Fall/LateFall,0.981,late,Fall,S20-573
C200416LSR,2020-05-11,92,316,Fall/LateFall,0.998,late,Fall,S20-574
C200417LSR,2020-05-18,92,323,Fall/LateFall,0.998,early,Fall,S20-577
C200418LSR,2020-05-18,71,323,Fall/LateFall,0.554,early,Fall,S20-578
C200419LSR,2020-05-18,77,323,Fall/LateFall,0.999,late,Fall,S20-579
C200420LSR,2020-05-18,90,323,Fall/LateFall,0.756,late,Fall,S20-580
C200421LSR,2020-05-18,70,323,Fall/LateFall,0.622,late,Fall,S20-581
C200422LSR,2020-05-18,69,323,Fall/LateFall,0.996,late,Fall,S20-582
C200424LSR,2020-05-20,71,325,Spring,0.653,late,Fall,S20-584
C200425LSR,2020-05-20,93,325,Fall/LateFall,0.951,early,Fall,S20-585
C200426LSR,2020-05-20,78,325,Fall/LateFall,0.982,late,Fall,S20-586
C200427LSR,2020-05-20,69,325,Fall/LateFall,0.939,late,Fall,S20-587
C200428LSR,2020-05-22,79,327,Fall/LateFall,0.98,early,Fall,S20-588
C200429LSR,2020-05-22,87,327,Fall/LateFall,0.925,late,Fall,S20-589
C200430LSR,2020-05-22,76,327,Fall/LateFall,0.968,late,Fall,S20-590
C200431LSR,2020-05-26,66,331,Fall/LateFall,0.998,late,Fall,S20-591
C200432LSR,2020-05-26,74,331,Fall/LateFall,1,late,Fall,S20-592
C200433LSR,2020-05-26,73,331,Fall/LateFall,0.973,early,Fall,S20-593
C200434LSR,2020-05-26,78,331,Fall/LateFall,0.864,late,Fall,S20-594
C200435LSR,2020-05-26,78,331,Fall/LateFall,0.999,late,Fall,S20-595
C200436LSR,2020-06-01,88,337,Fall/LateFall,0.892,late,Fall,S20-614
C200437LSR,2020-06-03,83,339,Fall/LateFall,0.984,late,Fall,S20-615
C200438LSR,2020-06-05,73,341,Fall/LateFall,0.998,late,Fall,S20-616
C210028LSR,2021-01-31,37,215,Fall/LateFall,1,early,Fall,S21-001
C210029LSR,2021-01-31,39,215,Fall/LateFall,1,late,Fall,S21-002
C210030LSR,2021-01-31,40,215,Fall/LateFall,0.986,late,Fall,S21-003
C210031LSR,2021-01-31,39,215,Fall/LateFall,1,early,Fall,S21-004
C210032LSR,2021-01-31,36,215,Fall/LateFall,1,late,Fall,S21-005
C210033LSR,2021-01-31,38,215,Fall/LateFall,1,late,Fall,S21-006
C210034LSR,2021-01-31,39,215,Fall/LateFall,1,early,Fall,S21-007
C210035LSR,2021-01-31,37,215,Fall/LateFall,0.966,early,Fall,S21-008
C210036LSR,2021-01-31,40,215,Fall/LateFall,1,late,Fall,S21-009
C210037LSR,2021-01-31,37,215,Fall/LateFall,0.996,early,Fall,S21-010
C210062LSR,2021-02-07,37,222,Fall/LateFall,0.999,late,Fall,S21-035
C210063LSR,2021-02-07,42,222,Fall/LateFall,0.998,late,Fall,S21-036
C210064LSR,2021-02-07,38,222,Fall/LateFall,0.999,early,Fall,S21-037
C210065LSR,2021-02-07,39,222,Fall/LateFall,0.998,late,Fall,S21-038
C210066LSR,2021-02-07,45,222,Fall/LateFall,1,early,Fall,S21-039
C210067LSR,2021-02-07,38,222,Fall/LateFall,1,early,Fall,S21-040
C210068LSR,2021-02-07,40,222,Fall/LateFall,1,late,Fall,S21-041
C210069LSR,2021-02-07,36,222,Fall/LateFall,1,early,Fall,S21-042
C210070LSR,2021-02-07,40,222,Fall/LateFall,0.998,early,Fall,S21-043
C210071LSR,2021-02-07,38,222,Fall/LateFall,0.998,early,Fall,S21-044
C210072LSR,2021-02-08,40,223,Fall/LateFall,0.988,early,Fall,S21-045
C210073LSR,2021-02-08,40,223,Fall/LateFall,0.998,early,Fall,S21-046
C210074LSR,2021-02-08,37,223,Fall/LateFall,1,late,Fall,S21-047
C210075LSR,2021-02-08,40,223,Fall/LateFall,1,late,Fall,S21-048
C210076LSR,2021-02-08,39,223,Fall/LateFall,1,late,Fall,S21-049
C210077LSR,2021-02-08,39,223,Fall/LateFall,0.998,late,Fall,S21-050
C210080LSR,2021-02-08,36,223,Fall/LateFall,0.994,late,Fall,S21-053
C210081LSR,2021-02-08,37,223,Fall/LateFall,1,late,Fall,S21-054
C210082LSR,2021-02-08,53,223,Fall/LateFall,1,early,Spring,S21-055
C210083LSR,2021-02-08,73,223,Winter,1,early,Winter,S21-056
C210084LSR,2021-02-09,40,224,Fall/LateFall,1,early,Fall,S21-057
C210085LSR,2021-02-09,39,224,Fall/LateFall,0.998,late,Fall,S21-058
C210086LSR,2021-02-09,40,224,Fall/LateFall,0.999,late,Fall,S21-059
C210088LSR,2021-02-09,40,224,Fall/LateFall,1,late,Fall,S21-061
C210089LSR,2021-02-09,39,224,Fall/LateFall,1,late,Fall,S21-062
C210090LSR,2021-02-09,40,224,Fall/LateFall,0.958,early,Fall,S21-063
C210094LSR,2021-02-21,45,236,Fall/LateFall,1,late,Fall,S21-067
C210095LSR,2021-02-25,71,240,Winter,1,early,Spring,S21-068
C210096LSR,2021-02-26,97,241,Winter,1,early,Winter,S21-069
C210097LSR,2021-02-26,39,241,Fall/LateFall,1,late,Fall,S21-070
C210100LSR,2021-03-22,61,265,Fall/LateFall,1,late,Fall,S21-073
C210101LSR,2021-03-22,65,266,Fall/LateFall,0.991,early,Fall,S21-074
C210102LSR,2021-03-24,69,267,Fall/LateFall,0.989,late,Fall,S21-075
C210103LSR,2021-03-24,55,267,Fall/LateFall,0.994,early,Fall,S21-076
C210104LSR,2021-03-24,65,267,Fall/LateFall,1,late,Fall,S21-077
C210105LSR,2021-03-24,70,267,Fall/LateFall,1,early,Spring,S21-078
C210106LSR,2021-03-24,83,268,Fall/LateFall,1,early,Spring,S21-079
C210107LSR,2021-03-24,69,268,Fall/LateFall,1,late,Fall,S21-080
C210108LSR,2021-03-24,85,268,Fall/LateFall,1,late,Spring,S21-081
C210109LSR,2021-03-24,68,268,Fall/LateFall,0.995,late,Fall,S21-082
C210127LSR,2021-03-25,77,268,Fall/LateFall,0.996,early,Spring,S21-100
C210110LSR,2021-03-25,73,268,Fall/LateFall,0.981,late,Spring,S21-083
C210111LSR,2021-03-25,54,268,Fall/LateFall,1,late,Fall,S21-084
C210156LSR,2021-04-18,73,292,Fall/LateFall,1,late,Fall,S21-129
C210157LSR,2021-04-18,80,292,Fall/LateFall,0.999,early,Fall,S21-130
C210158LSR,2021-04-18,79,292,Fall/LateFall,0.996,early,Fall,S21-131
C210159LSR,2021-04-18,78,292,Fall/LateFall,1,late,Fall,S21-132
C210160LSR,2021-04-18,77,292,Fall/LateFall,1,late,Fall,S21-133
C210161LSR,2021-04-18,76,292,Fall/LateFall,1,late,Fall,S21-134
C210162LSR,2021-04-18,79,292,Fall/LateFall,0.978,late,Fall,S21-135
C210163LSR,2021-04-18,73,292,Fall/LateFall,1,late,Fall,S21-136
C210164LSR,2021-04-18,76,292,Fall/LateFall,0.977,late,Fall,S21-137
C210166LSR,2021-04-18,80,292,Fall/LateFall,0.999,early,Fall,S21-138
C210167LSR,2021-04-18,84,292,Fall/LateFall,1,early,Spring,S21-139
C210168LSR,2021-04-18,83,292,Fall/LateFall,1,late,Spring,S21-140
C210169LSR,2021-04-18,82,292,Fall/LateFall,1,early,Spring,S21-141
C210170LSR,2021-04-18,83,292,Fall/LateFall,0.999,late,Spring,S21-142
C210171LSR,2021-04-18,85,292,Fall/LateFall,1,early,Spring,S21-143
C210172LSR,2021-04-18,86,292,Fall/LateFall,0.902,late,Spring,S21-144
C210173LSR,2021-04-18,83,292,Fall/LateFall,1,late,Spring,S21-145
C210174LSR,2021-04-18,82,292,Fall/LateFall,1,late,Spring,S21-146
C210175LSR,2021-04-18,87,292,Fall/LateFall,1,early,Spring,S21-147
C210176LSR,2021-04-18,82,292,Fall/LateFall,1,late,Spring,S21-148
C210177LSR,2021-04-19,79,293,Fall/LateFall,1,late,Fall,S21-149
C210178LSR,2021-04-19,82,293,Fall/LateFall,1,late,Fall,S21-150
C210179LSR,2021-04-19,79,293,Fall/LateFall,0.998,early,Fall,S21-151
C210180LSR,2021-04-19,84,293,Fall/LateFall,0.997,early,Spring,S21-152
C210181LSR,2021-04-19,87,293,Fall/LateFall,1,early,Spring,S21-153
C210182LSR,2021-04-19,78,293,Fall/LateFall,0.999,early,Fall,S21-154
C210183LSR,2021-04-19,76,293,Fall/LateFall,1,late,Fall,S21-155
C210184LSR,2021-04-19,80,293,Fall/LateFall,1,late,Fall,S21-156
C210185LSR,2021-04-19,78,293,Fall/LateFall,0.999,late,Fall,S21-157
C210186LSR,2021-04-19,79,293,Fall/LateFall,0.999,early,Fall,S21-158
C210187LSR,2021-04-19,86,293,Fall/LateFall,1,early,Spring,S21-159
C210189LSR,2021-04-19,75,293,Fall/LateFall,1,early,Fall,S21-161
C210191LSR,2021-04-19,87,293,Fall/LateFall,0.998,early,Spring,S21-163
C210192LSR,2021-04-19,87,293,Fall/LateFall,1,late,Spring,S21-164
C210193LSR,2021-04-19,85,293,Fall/LateFall,1,late,Spring,S21-165
C210194LSR,2021-04-19,83,293,Fall/LateFall,0.998,late,Spring,S21-166
C210195LSR,2021-04-19,84,293,Fall/LateFall,0.996,early,Spring,S21-167
C210196LSR,2021-04-22,110,296,Fall/LateFall,0.997,early,Spring,S21-168
C210197LSR,2021-04-22,83,296,Fall/LateFall,0.998,late,Fall,S21-169
C210198LSR,2021-04-22,87,296,Fall/LateFall,1,late,Spring,S21-170
C210199LSR,2021-04-22,81,296,Fall/LateFall,1,late,Fall,S21-171
C210200LSR,2021-04-22,80,296,Fall/LateFall,1,late,Fall,S21-172
C210201LSR,2021-04-22,91,296,Fall/LateFall,1,late,Spring,S21-173
C210202LSR,2021-04-22,81,296,Fall/LateFall,1,late,Fall,S21-174
C210203LSR,2021-04-22,84,296,Fall/LateFall,1,early,Spring,S21-175
C210204LSR,2021-04-22,84,296,Fall/LateFall,0.994,late,Spring,S21-176
C210205LSR,2021-04-22,81,296,Fall/LateFall,0.999,late,Fall,S21-177
C210206LSR,2021-04-22,85,296,Fall/LateFall,1,late,Spring,S21-178
C210207LSR,2021-04-22,75,296,Fall/LateFall,0.995,early,Fall,S21-179
C210208LSR,2021-04-22,77,296,Fall/LateFall,1,late,Fall,S21-180
C210209LSR,2021-04-22,76,296,Fall/LateFall,1,late,Fall,S21-181
C210210LSR,2021-04-22,80,296,Fall/LateFall,0.999,late,Fall,S21-182
C210211LSR,2021-04-22,90,296,Fall/LateFall,0.989,early,Spring,S21-183
C210212LSR,2021-04-22,84,296,Fall/LateFall,0.998,early,Spring,S21-184
C210214LSR,2021-04-23,79,297,Fall/LateFall,1,early,Fall,S21-186
C210215LSR,2021-04-23,70,297,Fall/LateFall,1,late,Fall,S21-187
C210216LSR,2021-04-23,78,297,Fall/LateFall,0.999,late,Fall,S21-188
C210217LSR,2021-04-23,88,297,Fall/LateFall,1,late,Spring,S21-189
C210245LSR,2021-05-17,88,321,Fall/LateFall,1,late,Fall,S21-217
C210246LSR,2021-05-17,73,321,Fall/LateFall,1,late,Fall,S21-218
C210247LSR,2021-05-20,83,324,Fall/LateFall,1,late,Fall,S21-219
C210248LSR,2021-05-21,76,325,Fall/LateFall,0.999,late,Fall,S21-220
